concept_id,canonical_word,aliases,language,themes,base_weight,length,vowel_count,consonant_count,internal_vowel_count,starts_with_vowel,ends_with_vowel,vowel_positions,consonant_positions,vowel_sequence,first_letter,last_letter,double_letter
abatjour,ABATJOUR,,it,bedroom|house|living_room,1,8,4,4,3,true,false,1|3|6|7,2|4|5|8,A|A|O|U,A,R,false
abbaino,ABBAINO,,it,generic_household|house,1,7,4,3,2,true,true,1|4|5|7,2|3|6,A|A|I|O,A,O,true
abbattitore,ABBATTITORE,,it,generic_household|house,1,11,5,6,3,true,true,1|4|7|9|11,2|3|5|6|8|10,A|A|I|O|E,A,E,true
abito,ABITO,,it,bedroom|house,5,5,3,2,1,true,true,1|3|5,2|4,A|I|O,A,O,false
accappatoio,ACCAPPATOIO,,it,bathroom|bedroom|house,5,11,6,5,4,true,true,1|4|7|9|10|11,2|3|5|6|8,A|A|A|O|I|O,A,O,true
accendino,ACCENDINO,,it,generic_household|house|kitchen,3,9,4,5,2,true,true,1|4|7|9,2|3|5|6|8,A|E|I|O,A,O,true
acchiappasogni,ACCHIAPPASOGNI,,it,bedroom|house|living_room,1,14,6,8,4,true,true,1|5|6|9|11|14,2|3|4|7|8|10|12|13,A|I|A|A|O|I,A,I,true
acciuga,ACCIUGA,,it,house|kitchen,1,7,4,3,2,true,true,1|4|5|7,2|3|6,A|I|U|A,A,A,true
acciughe,ACCIUGHE,,it,house|kitchen,1,8,4,4,2,true,true,1|4|5|8,2|3|6|7,A|I|U|E,A,E,true
acetiera,ACETIERA,,it,house|kitchen,3,8,5,3,3,true,true,1|3|5|6|8,2|4|7,A|E|I|E|A,A,A,false
aceto,ACETO,,it,house|kitchen,5,5,3,2,1,true,true,1|3|5,2|4,A|E|O,A,O,false
acetobalsamico,ACETOBALSAMICO,,it,house|kitchen,1,14,7,7,5,true,true,1|3|5|7|10|12|14,2|4|6|8|9|11|13,A|E|O|A|A|I|O,A,O,false
acetodivino,ACETODIVINO,,it,house|kitchen,1,11,6,5,4,true,true,1|3|5|7|9|11,2|4|6|8|10,A|E|O|I|I|O,A,O,false
acqua,ACQUA,,it,bathroom|house|kitchen,5,5,3,2,1,true,true,1|4|5,2|3,A|U|A,A,A,false
acquafrizzante,ACQUAFRIZZANTE,,it,house|kitchen,1,14,6,8,4,true,true,1|4|5|8|11|14,2|3|6|7|9|10|12|13,A|U|A|I|A|E,A,E,true
acquanaturale,ACQUANATURALE,,it,house|kitchen,1,13,7,6,5,true,true,1|4|5|7|9|11|13,2|3|6|8|10|12,A|U|A|A|U|A|E,A,E,false
acquario,ACQUARIO,,it,house,3,8,5,3,3,true,true,1|4|5|7|8,2|3|6,A|U|A|I|O,A,O,false
adattatore,ADATTATORE,,it,generic_household|house|office,1,10,5,5,3,true,true,1|3|6|8|10,2|4|5|7|9,A|A|A|O|E,A,E,true
addolcitore,ADDOLCITORE,,it,house,1,11,5,6,3,true,true,1|4|7|9|11,2|3|5|6|8|10,A|O|I|O|E,A,E,true
aeratore,AERATORE,,it,house,1,8,5,3,3,true,true,1|2|4|6|8,3|5|7,A|E|A|O|E,A,E,false
affettatrice,AFFETTATRICE,,it,house|kitchen,3,12,5,7,3,true,true,1|4|7|10|12,2|3|5|6|8|9|11,A|E|A|I|E,A,E,true
affilacoltelli,AFFILACOLTELLI,,it,house|kitchen,1,14,6,8,4,true,true,1|4|6|8|11|14,2|3|5|7|9|10|12|13,A|I|A|O|E|I,A,I,true
affumicatore,AFFUMICATORE,,it,generic_household|house,1,12,6,6,4,true,true,1|4|6|8|10|12,2|3|5|7|9|11,A|U|I|A|O|E,A,E,true
agenda,AGENDA,,it,house|office,5,6,3,3,1,true,true,1|3|6,2|4|5,A|E|A,A,A,false
aglio,AGLIO,,it,house|kitchen,5,5,3,2,1,true,true,1|4|5,2|3,A|I|O,A,O,false
alare,ALARE,,it,generic_household|house,1,5,3,2,1,true,true,1|3|5,2|4,A|A|E,A,E,false
alari,ALARI,,it,generic_household|house,1,5,3,2,1,true,true,1|3|5,2|4,A|A|I,A,I,false
albicocca,ALBICOCCA,,it,house|kitchen,1,9,4,5,2,true,true,1|4|6|9,2|3|5|7|8,A|I|O|A,A,A,true
album,ALBUM,,it,house,1,5,2,3,1,true,false,1|4,2|3|5,A|U,A,M,false
albumfoto,ALBUMFOTO,,it,generic_household|house,1,9,4,5,2,true,true,1|4|7|9,2|3|5|6|8,A|U|O|O,A,O,false
alluminio,ALLUMINIO,,it,house|kitchen,1,9,5,4,3,true,true,1|4|6|8|9,2|3|5|7,A|U|I|I|O,A,O,true
already,ALREADY,,it,generic_household|house,1,7,3,4,2,true,false,1|4|5,2|3|6|7,A|E|A,A,Y,false
altoparlante,ALTOPARLANTE,,it,house|living_room|office,3,12,5,7,3,true,true,1|4|6|9|12,2|3|5|7|8|10|11,A|O|A|A|E,A,E,false
alzatina,ALZATINA,,it,generic_household|house,1,8,4,4,2,true,true,1|4|6|8,2|3|5|7,A|A|I|A,A,A,false
amido,AMIDO,,it,house|kitchen,1,5,3,2,1,true,true,1|3|5,2|4,A|I|O,A,O,false
ammorbidente,AMMORBIDENTE,,it,bathroom|house,3,12,5,7,3,true,true,1|4|7|9|12,2|3|5|6|8|10|11,A|O|I|E|E,A,E,true
ammortizzatore,AMMORTIZZATORE,,it,generic_household|house,1,14,6,8,4,true,true,1|4|7|10|12|14,2|3|5|6|8|9|11|13,A|O|I|A|O|E,A,E,true
amplificatore,AMPLIFICATORE,,it,house|office,3,13,6,7,4,true,true,1|5|7|9|11|13,2|3|4|6|8|10|12,A|I|I|A|O|E,A,E,false
ampolla,AMPOLLA,,it,house|kitchen,1,7,3,4,1,true,true,1|4|7,2|3|5|6,A|O|A,A,A,true
ampolletta,AMPOLLETTA,,it,bedroom|house,1,10,4,6,2,true,true,1|4|7|10,2|3|5|6|8|9,A|O|E|A,A,A,true
ananas,ANANAS,,it,house|kitchen,1,6,3,3,2,true,false,1|3|5,2|4|6,A|A|A,A,S,false
androne,ANDRONE,,it,house,1,7,3,4,1,true,true,1|5|7,2|3|4|6,A|O|E,A,E,false
anello,ANELLO,,it,bedroom|generic_household|house,5,6,3,3,1,true,true,1|3|6,2|4|5,A|E|O,A,O,true
angoliera,ANGOLIERA,,it,bedroom|house|kitchen,1,9,5,4,3,true,true,1|4|6|7|9,2|3|5|8,A|O|I|E|A,A,A,false
anguria,ANGURIA,,it,house|kitchen,5,7,4,3,2,true,true,1|4|6|7,2|3|5,A|U|I|A,A,A,false
annaffiatoio,ANNAFFIATOIO,,it,generic_household|house,1,12,7,5,5,true,true,1|4|7|8|10|11|12,2|3|5|6|9,A|A|I|A|O|I|O,A,O,true
antenna,ANTENNA,,it,house,1,7,3,4,1,true,true,1|4|7,2|3|5|6,A|E|A,A,A,true
antennina,ANTENNINA,,it,generic_household|house,1,9,4,5,2,true,true,1|4|7|9,2|3|5|6|8,A|E|I|A,A,A,true
antibagno,ANTIBAGNO,,it,house,1,9,4,5,2,true,true,1|4|6|9,2|3|5|7|8,A|I|A|O,A,O,false
anticalcare,ANTICALCARE,,it,bathroom|house,3,11,5,6,3,true,true,1|4|6|9|11,2|3|5|7|8|10,A|I|A|A|E,A,E,false
anticamera,ANTICAMERA,,it,house,1,10,5,5,3,true,true,1|4|6|8|10,2|3|5|7|9,A|I|A|E|A,A,A,false
antipastiera,ANTIPASTIERA,,it,house|kitchen,3,12,6,6,4,true,true,1|4|6|9|10|12,2|3|5|7|8|11,A|I|A|I|E|A,A,A,false
antiporta,ANTIPORTA,,it,generic_household|house,1,9,4,5,2,true,true,1|4|6|9,2|3|5|7|8,A|I|O|A,A,A,false
aperitivo,APERITIVO,,it,generic_household|house,1,9,5,4,3,true,true,1|3|5|7|9,2|4|6|8,A|E|I|I|O,A,O,false
appendiabiti,APPENDIABITI,,it,bedroom|house|office,5,12,6,6,4,true,true,1|4|7|8|10|12,2|3|5|6|9|11,A|E|I|A|I|I,A,I,true
appoggiatesta,APPOGGIATESTA,,it,house|kitchen,1,13,6,7,4,true,true,1|4|7|8|10|13,2|3|5|6|9|11|12,A|O|I|A|E|A,A,A,true
apribarattoli,APRIBARATTOLI,,it,house|kitchen,1,13,6,7,4,true,true,1|4|6|8|11|13,2|3|5|7|9|10|12,A|I|A|A|O|I,A,I,true
apribottiglie,APRIBOTTIGLIE,,it,house|kitchen,3,13,6,7,4,true,true,1|4|6|9|12|13,2|3|5|7|8|10|11,A|I|O|I|I|E,A,E,true
apriporta,APRIPORTA,,it,house|office,1,9,4,5,2,true,true,1|4|6|9,2|3|5|7|8,A|I|O|A,A,A,false
apriscatole,APRISCATOLE,,it,house|kitchen,3,11,5,6,3,true,true,1|4|7|9|11,2|3|5|6|8|10,A|I|A|O|E,A,E,false
aprivino,APRIVINO,,it,house|kitchen,1,8,4,4,2,true,true,1|4|6|8,2|3|5|7,A|I|I|O,A,O,false
arachide,ARACHIDE,,it,house|kitchen,1,8,4,4,2,true,true,1|3|6|8,2|4|5|7,A|A|I|E,A,E,false
arachidi,ARACHIDI,,it,house|kitchen,1,8,4,4,2,true,true,1|3|6|8,2|4|5|7,A|A|I|I,A,I,false
arancia,ARANCIA,,it,house|kitchen,5,7,4,3,2,true,true,1|3|6|7,2|4|5,A|A|I|A,A,A,false
aranciata,ARANCIATA,,it,house|kitchen,1,9,5,4,3,true,true,1|3|6|7|9,2|4|5|8,A|A|I|A|A,A,A,false
arancio,ARANCIO,,it,generic_household|house,1,7,4,3,2,true,true,1|3|6|7,2|4|5,A|A|I|O,A,O,false
arazzo,ARAZZO,,it,bedroom|house|living_room,1,6,3,3,1,true,true,1|3|6,2|4|5,A|A|O,A,O,true
architecture,ARCHITECTURE,,it,house|kitchen,1,12,5,7,3,true,true,1|5|7|10|12,2|3|4|6|8|9|11,A|I|E|U|E,A,E,false
armadietto,ARMADIETTO,,it,bedroom|house,3,10,5,5,3,true,true,1|4|6|7|10,2|3|5|8|9,A|A|I|E|O,A,O,true
armadiettomedicine,ARMADIETTOMEDICINE,,it,bedroom|house,1,18,9,9,7,true,true,1|4|6|7|10|12|14|16|18,2|3|5|8|9|11|13|15|17,A|A|I|E|O|E|I|I|E,A,E,true
armadio,ARMADIO,,it,bedroom|house,5,7,4,3,2,true,true,1|4|6|7,2|3|5,A|A|I|O,A,O,false
arredo,ARREDO,,it,generic_household|house,1,6,3,3,1,true,true,1|4|6,2|3|5,A|E|O,A,O,true
arricciacapelli,ARRICCIACAPELLI,,it,bathroom|house,3,15,7,8,5,true,true,1|4|7|8|10|12|15,2|3|5|6|9|11|13|14,A|I|I|A|A|E|I,A,I,true
arrotino,ARROTINO,,it,generic_household|house,1,8,4,4,2,true,true,1|4|6|8,2|3|5|7,A|O|I|O,A,O,true
arrotolatore,ARROTOLATORE,,it,generic_household|house,1,12,6,6,4,true,true,1|4|6|8|10|12,2|3|5|7|9|11,A|O|O|A|O|E,A,E,true
asciugacapelli,ASCIUGACAPELLI,,it,bathroom|house,3,14,7,7,5,true,true,1|4|5|7|9|11|14,2|3|6|8|10|12|13,A|I|U|A|A|E|I,A,I,true
asciugamano,ASCIUGAMANO,,it,bathroom|bedroom|house,5,11,6,5,4,true,true,1|4|5|7|9|11,2|3|6|8|10,A|I|U|A|A|O,A,O,false
asciugamanoospite,ASCIUGAMANOOSPITE,,it,bathroom|house|kitchen,1,17,9,8,7,true,true,1|4|5|7|9|11|12|15|17,2|3|6|8|10|13|14|16,A|I|U|A|A|O|O|I|E,A,E,true
asciugamanoospiti,ASCIUGAMANOOSPITI,,it,bathroom|house|kitchen,1,17,9,8,7,true,true,1|4|5|7|9|11|12|15|17,2|3|6|8|10|13|14|16,A|I|U|A|A|O|O|I|I,A,I,true
asciugapanni,ASCIUGAPANNI,,it,bathroom|house|kitchen,1,12,6,6,4,true,true,1|4|5|7|9|12,2|3|6|8|10|11,A|I|U|A|A|I,A,I,true
asciugapiatti,ASCIUGAPIATTI,,it,house|kitchen,1,13,7,6,5,true,true,1|4|5|7|9|10|13,2|3|6|8|11|12,A|I|U|A|I|A|I,A,I,true
asciugatrice,ASCIUGATRICE,,it,bathroom|house,5,12,6,6,4,true,true,1|4|5|7|10|12,2|3|6|8|9|11,A|I|U|A|I|E,A,E,false
asciugino,ASCIUGINO,,it,bathroom|house,1,9,5,4,3,true,true,1|4|5|7|9,2|3|6|8,A|I|U|I|O,A,O,false
aspirapolvere,ASPIRAPOLVERE,,it,bathroom|generic_household|house,5,13,6,7,4,true,true,1|4|6|8|11|13,2|3|5|7|9|10|12,A|I|A|O|E|E,A,E,false
asse,ASSE,,it,generic_household|house,5,4,2,2,0,true,true,1|4,2|3,A|E,A,E,true
assedastiro,ASSEDASTIRO,,it,generic_household|house,1,11,5,6,3,true,true,1|4|6|9|11,2|3|5|7|8|10,A|E|A|I|O,A,O,true
assestiro,ASSESTIRO,,it,house,1,9,4,5,2,true,true,1|4|7|9,2|3|5|6|8,A|E|I|O,A,O,true
astuccio,ASTUCCIO,,it,house,1,8,4,4,2,true,true,1|4|7|8,2|3|5|6,A|U|I|O,A,O,true
atlante,ATLANTE,,it,office,1,7,3,4,1,true,true,1|4|7,2|3|5|6,A|A|E,A,E,false
attaccapanni,ATTACCAPANNI,,it,bedroom|house|office,1,12,5,7,3,true,true,1|4|7|9|12,2|3|5|6|8|10|11,A|A|A|A|I,A,I,true
attizzatoio,ATTIZZATOIO,,it,generic_household|house,1,11,6,5,4,true,true,1|4|7|9|10|11,2|3|5|6|8,A|I|A|O|I|O,A,O,true
auricolari,AURICOLARI,,it,bedroom|house|office,3,10,6,4,4,true,true,1|2|4|6|8|10,3|5|7|9,A|U|I|O|A|I,A,I,false
avena,AVENA,,it,house|kitchen,1,5,3,2,1,true,true,1|3|5,2|4,A|E|A,A,A,false
avocado,AVOCADO,,it,house|kitchen,1,7,4,3,2,true,true,1|3|5|7,2|4|6,A|O|A|O,A,O,false
avvitatore,AVVITATORE,,it,generic_household|house,1,10,5,5,3,true,true,1|4|6|8|10,2|3|5|7|9,A|I|A|O|E,A,E,true
baby,BABY,,it,generic_household|house,1,4,1,3,1,false,false,2,1|3|4,A,B,Y,false
bacheca,BACHECA,,it,office,3,7,3,4,2,false,true,2|5|7,1|3|4|6,A|E|A,B,A,false
baffo,BAFFO,,it,generic_household|house,1,5,2,3,1,false,true,2|5,1|3|4,A|O,B,O,true
bagno,BAGNO,,it,bathroom|house,5,5,2,3,1,false,true,2|5,1|3|4,A|O,B,O,false
bagnomaria,BAGNOMARIA,,it,house|kitchen,1,10,5,5,4,false,true,2|5|7|9|10,1|3|4|6|8,A|O|A|I|A,B,A,false
bagnoschiuma,BAGNOSCHIUMA,,it,bathroom|bedroom|house,3,12,5,7,4,false,true,2|5|9|10|12,1|3|4|6|7|8|11,A|O|I|U|A,B,A,false
balcone,BALCONE,,it,house,5,7,3,4,2,false,true,2|5|7,1|3|4|6,A|O|E,B,E,false
balsamico,BALSAMICO,,it,house|kitchen,1,9,4,5,3,false,true,2|5|7|9,1|3|4|6|8,A|A|I|O,B,O,false
balsamo,BALSAMO,,it,bathroom|bedroom|house,3,7,3,4,2,false,true,2|5|7,1|3|4|6,A|A|O,B,O,false
banana,BANANA,,it,house|kitchen,5,6,3,3,2,false,true,2|4|6,1|3|5,A|A|A,B,A,false
bancarella,BANCARELLA,,it,generic_household|house,1,10,4,6,3,false,true,2|5|7|10,1|3|4|6|8|9,A|A|E|A,B,A,true
banco,BANCO,,it,office,1,5,2,3,1,false,true,2|5,1|3|4,A|O,B,O,false
bancone,BANCONE,,it,bedroom|house,1,7,3,4,2,false,true,2|5|7,1|3|4|6,A|O|E,B,E,false
barattoliera,BARATTOLIERA,,it,generic_household|house,1,12,6,6,5,false,true,2|4|7|9|10|12,1|3|5|6|8|11,A|A|O|I|E|A,B,A,true
barattolo,BARATTOLO,,it,house|kitchen,3,9,4,5,3,false,true,2|4|7|9,1|3|5|6|8,A|A|O|O,B,O,true
barbecue,BARBECUE,,it,generic_household|house,1,8,4,4,3,false,true,2|5|7|8,1|3|4|6,A|E|U|E,B,E,false
bascula,BASCULA,,it,generic_household|house,1,7,3,4,2,false,true,2|5|7,1|3|4|6,A|U|A,B,A,false
basculante,BASCULANTE,,it,house|kitchen,1,10,4,6,3,false,true,2|5|7|10,1|3|4|6|8|9,A|U|A|E,B,E,false
basilico,BASILICO,,it,house|kitchen,5,8,4,4,3,false,true,2|4|6|8,1|3|5|7,A|I|I|O,B,O,false
bathroom,BATHROOM,,it,generic_household|house,1,8,3,5,3,false,false,2|6|7,1|3|4|5|8,A|O|O,B,M,true
battente,BATTENTE,,it,house|kitchen,1,8,3,5,2,false,true,2|5|8,1|3|4|6|7,A|E|E,B,E,true
batteria,BATTERIA,,it,house|living_room|office,3,8,4,4,3,false,true,2|5|7|8,1|3|4|6,A|E|I|A,B,A,true
batticarne,BATTICARNE,,it,house|kitchen,1,10,4,6,3,false,true,2|5|7|10,1|3|4|6|8|9,A|I|A|E,B,E,true
battipanni,BATTIPANNI,,it,bathroom|house,3,10,4,6,3,false,true,2|5|7|10,1|3|4|6|8|9,A|I|A|I,B,I,true
battiporta,BATTIPORTA,,it,generic_household|house,1,10,4,6,3,false,true,2|5|7|10,1|3|4|6|8|9,A|I|O|A,B,A,true
battiscopa,BATTISCOPA,,it,house|office,3,10,4,6,3,false,true,2|5|8|10,1|3|4|6|7|9,A|I|O|A,B,A,true
baule,BAULE,,it,bedroom|house,3,5,3,2,2,false,true,2|3|5,1|4,A|U|E,B,E,false
bedroom,BEDROOM,,it,generic_household|house,1,7,3,4,3,false,false,2|5|6,1|3|4|7,E|O|O,B,M,true
benda,BENDA,,it,bathroom|house,3,5,2,3,1,false,true,2|5,1|3|4,E|A,B,A,false
bermuda,BERMUDA,,it,bedroom|house,3,7,3,4,2,false,true,2|5|7,1|3|4|6,E|U|A,B,A,false
berretto,BERRETTO,,it,bedroom|house,5,8,3,5,2,false,true,2|5|8,1|3|4|6|7,E|E|O,B,O,true
besciamella,BESCIAMELLA,,it,house|kitchen,1,11,5,6,4,false,true,2|5|6|8|11,1|3|4|7|9|10,E|I|A|E|A,B,A,true
biancheria,BIANCHERIA,,it,bathroom|house,1,10,5,5,4,false,true,2|3|7|9|10,1|4|5|6|8,I|A|E|I|A,B,A,false
biberon,BIBERON,,it,house,5,7,3,4,3,false,false,2|4|6,1|3|5|7,I|E|O,B,N,false
bibita,BIBITA,,it,house|kitchen,1,6,3,3,2,false,true,2|4|6,1|3|5,I|I|A,B,A,false
bicarbonato,BICARBONATO,,it,house|kitchen,1,11,5,6,4,false,true,2|4|7|9|11,1|3|5|6|8|10,I|A|O|A|O,B,O,false
bicchiere,BICCHIERE,,it,house|kitchen|living_room,5,9,4,5,3,false,true,2|6|7|9,1|3|4|5|8,I|I|E|E,B,E,true
bicchierino,BICCHIERINO,,it,bathroom|house|kitchen,1,11,5,6,4,false,true,2|6|7|9|11,1|3|4|5|8|10,I|I|E|I|O,B,O,true
bidet,BIDET,,it,bathroom|house,5,5,2,3,2,false,false,2|4,1|3|5,I|E,B,T,false
bidone,BIDONE,,it,house|kitchen,5,6,3,3,2,false,true,2|4|6,1|3|5,I|O|E,B,E,false
bidonesecco,BIDONESECCO,,it,bathroom|house,1,11,5,6,4,false,true,2|4|6|8|11,1|3|5|7|9|10,I|O|E|E|O,B,O,true
bidoneumido,BIDONEUMIDO,,it,bathroom|house,1,11,6,5,5,false,true,2|4|6|7|9|11,1|3|5|8|10,I|O|E|U|I|O,B,O,false
bigodini,BIGODINI,,it,generic_household|house,1,8,4,4,3,false,true,2|4|6|8,1|3|5|7,I|O|I|I,B,I,false
bigodino,BIGODINO,,it,generic_household|house,1,8,4,4,3,false,true,2|4|6|8,1|3|5|7,I|O|I|O,B,O,false
bilancia,BILANCIA,,it,bathroom|house|kitchen,5,8,4,4,3,false,true,2|4|7|8,1|3|5|6,I|A|I|A,B,A,false
bilanciacucina,BILANCIACUCINA,,it,house|kitchen,1,14,7,7,6,false,true,2|4|7|8|10|12|14,1|3|5|6|9|11|13,I|A|I|A|U|I|A,B,A,false
birra,BIRRA,,it,house|kitchen,5,5,2,3,1,false,true,2|5,1|3|4,I|A,B,A,true
biscotti,BISCOTTI,,it,house|kitchen,1,8,3,5,2,false,true,2|5|8,1|3|4|6|7,I|O|I,B,I,true
biscotto,BISCOTTO,,it,house|kitchen,5,8,3,5,2,false,true,2|5|8,1|3|4|6|7,I|O|O,B,O,true
bistecca,BISTECCA,,it,house|kitchen,1,8,3,5,2,false,true,2|5|8,1|3|4|6|7,I|E|A,B,A,true
bistecchiera,BISTECCHIERA,,it,house|kitchen,1,12,5,7,4,false,true,2|5|9|10|12,1|3|4|6|7|8|11,I|E|I|E|A,B,A,true
bloccoappunti,BLOCCOAPPUNTI,,it,office,1,13,5,8,4,false,true,3|6|7|10|13,1|2|4|5|8|9|11|12,O|O|A|U|I,B,I,true
boccale,BOCCALE,,it,house|kitchen,3,7,3,4,2,false,true,2|5|7,1|3|4|6,O|A|E,B,E,true
boccia,BOCCIA,,it,generic_household|house,1,6,3,3,2,false,true,2|5|6,1|3|4,O|I|A,B,A,true
bollilatte,BOLLILATTE,,it,house|kitchen,1,10,4,6,3,false,true,2|5|7|10,1|3|4|6|8|9,O|I|A|E,B,E,true
bollitore,BOLLITORE,,it,house|kitchen,5,9,4,5,3,false,true,2|5|7|9,1|3|4|6|8,O|I|O|E,B,E,true
bollitoreacqua,BOLLITOREACQUA,,it,house|kitchen,1,14,7,7,6,false,true,2|5|7|9|10|13|14,1|3|4|6|8|11|12,O|I|O|E|A|U|A,B,A,true
bomboletta,BOMBOLETTA,,it,bedroom|house,1,10,4,6,3,false,true,2|5|7|10,1|3|4|6|8|9,O|O|E|A,B,A,true
borraccia,BORRACCIA,,it,house,3,9,4,5,3,false,true,2|5|8|9,1|3|4|6|7,O|A|I|A,B,A,true
borsa,BORSA,,it,bedroom|generic_household|house,5,5,2,3,1,false,true,2|5,1|3|4,O|A,B,A,false
borsafrigo,BORSAFRIGO,,it,generic_household|house,1,10,4,6,3,false,true,2|5|8|10,1|3|4|6|7|9,O|A|I|O,B,O,false
borsaspesa,BORSASPESA,,it,generic_household|house,1,10,4,6,3,false,true,2|5|8|10,1|3|4|6|7|9,O|A|E|A,B,A,false
borsatermos,BORSATERMOS,,it,house|kitchen,1,11,4,7,4,false,false,2|5|7|10,1|3|4|6|8|9|11,O|A|E|O,B,S,false
borsello,BORSELLO,,it,bedroom|house,1,8,3,5,2,false,true,2|5|8,1|3|4|6|7,O|E|O,B,O,true
borsone,BORSONE,,it,bedroom|house,3,7,3,4,2,false,true,2|5|7,1|3|4|6,O|O|E,B,E,false
botola,BOTOLA,,it,generic_household|house,1,6,3,3,2,false,true,2|4|6,1|3|5,O|O|A,B,A,false
bottiglia,BOTTIGLIA,,it,house|kitchen,5,9,4,5,3,false,true,2|5|8|9,1|3|4|6|7,O|I|I|A,B,A,true
bottoncino,BOTTONCINO,,it,generic_household|house,1,10,4,6,3,false,true,2|5|8|10,1|3|4|6|7|9,O|O|I|O,B,O,true
bottone,BOTTONE,,it,house,1,7,3,4,2,false,true,2|5|7,1|3|4|6,O|O|E,B,E,true
bottoniera,BOTTONIERA,,it,house|kitchen,1,10,5,5,4,false,true,2|5|7|8|10,1|3|4|6|9,O|O|I|E|A,B,A,true
boxbambini,BOXBAMBINI,,it,house,1,10,4,6,3,false,true,2|5|8|10,1|3|4|6|7|9,O|A|I|I,B,I,false
boxdoccia,BOXDOCCIA,,it,bathroom|house,1,9,4,5,3,false,true,2|5|8|9,1|3|4|6|7,O|O|I|A,B,A,true
bracciale,BRACCIALE,,it,bedroom|house,5,9,4,5,3,false,true,3|6|7|9,1|2|4|5|8,A|I|A|E,B,E,true
braciere,BRACIERE,,it,generic_household|house,1,8,4,4,3,false,true,3|5|6|8,1|2|4|7,A|I|E|E,B,E,false
braciola,BRACIOLA,,it,generic_household|house,1,8,4,4,3,false,true,3|5|6|8,1|2|4|7,A|I|O|A,B,A,false
branda,BRANDA,,it,bedroom|house,1,6,2,4,1,false,true,3|6,1|2|4|5,A|A,B,A,false
brandina,BRANDINA,,it,bedroom|house,1,8,3,5,2,false,true,3|6|8,1|2|4|5|7,A|I|A,B,A,false
bresaola,BRESAOLA,,it,house|kitchen,1,8,4,4,3,false,true,3|5|6|8,1|2|4|7,E|A|O|A,B,A,false
bretelle,BRETELLE,,it,bedroom|house,1,8,3,5,2,false,true,3|5|8,1|2|4|6|7,E|E|E,B,E,true
bricco,BRICCO,,it,generic_household|house,1,6,2,4,1,false,true,3|6,1|2|4|5,I|O,B,O,true
brioche,BRIOCHE,,it,house|kitchen,1,7,3,4,2,false,true,3|4|7,1|2|5|6,I|O|E,B,E,false
brocca,BROCCA,,it,house|kitchen,3,6,2,4,1,false,true,3|6,1|2|4|5,O|A,B,A,true
brocchetta,BROCCHETTA,,it,house|kitchen,1,10,3,7,2,false,true,3|7|10,1|2|4|5|6|8|9,O|E|A,B,A,true
broccoli,BROCCOLI,,it,house|kitchen,1,8,3,5,2,false,true,3|6|8,1|2|4|5|7,O|O|I,B,I,true
brodo,BRODO,,it,house|kitchen,3,5,2,3,1,false,true,3|5,1|2|4,O|O,B,O,false
brododado,BRODODADO,,it,house|kitchen,1,9,4,5,3,false,true,3|5|7|9,1|2|4|6|8,O|O|A|O,B,O,false
brodovelo,BRODOVELO,,it,house|kitchen,1,9,4,5,3,false,true,3|5|7|9,1|2|4|6|8,O|O|E|O,B,O,false
brugola,BRUGOLA,,it,generic_household|house,1,7,3,4,2,false,true,3|5|7,1|2|4|6,U|O|A,B,A,false
bucatini,BUCATINI,,it,house|kitchen,1,8,4,4,3,false,true,2|4|6|8,1|3|5|7,U|A|I|I,B,I,false
budino,BUDINO,,it,house|kitchen,1,6,3,3,2,false,true,2|4|6,1|3|5,U|I|O,B,O,false
building,BUILDING,,it,generic_household|house,1,8,3,5,3,false,false,2|3|6,1|4|5|7|8,U|I|I,B,G,false
bullone,BULLONE,,it,generic_household|house,1,7,3,4,2,false,true,2|5|7,1|3|4|6,U|O|E,B,E,true
burriera,BURRIERA,,it,house|kitchen,3,8,4,4,3,false,true,2|5|6|8,1|3|4|7,U|I|E|A,B,A,true
burro,BURRO,,it,house|kitchen,5,5,2,3,1,false,true,2|5,1|3|4,U|O,B,O,true
busta,BUSTA,,it,bedroom|house|office,3,5,2,3,1,false,true,2|5,1|3|4,U|A,B,A,false
cabina,CABINA,,it,bedroom|house,1,6,3,3,2,false,true,2|4|6,1|3|5,A|I|A,C,A,false
cacabirra,CACABIRRA,,it,house|kitchen,1,9,4,5,3,false,true,2|4|6|9,1|3|5|7|8,A|A|I|A,C,A,true
cacao,CACAO,,it,house|kitchen,1,5,3,2,2,false,true,2|4|5,1|3,A|A|O,C,O,false
cacciavite,CACCIAVITE,,it,generic_household|house,5,10,5,5,4,false,true,2|5|6|8|10,1|3|4|7|9,A|I|A|I|E,C,E,true
caffe,CAFFE,,it,house|kitchen,5,5,2,3,1,false,true,2|5,1|3|4,A|E,C,E,true
caffettiera,CAFFETTIERA,,it,house|kitchen,5,11,5,6,4,false,true,2|5|8|9|11,1|3|4|6|7|10,A|E|I|E|A,C,A,true
caffettieramoka,CAFFETTIERAMOKA,,it,house|kitchen,1,15,7,8,6,false,true,2|5|8|9|11|13|15,1|3|4|6|7|10|12|14,A|E|I|E|A|O|A,C,A,true
cajaforti,CAJAFORTI,,it,generic_household|house,1,9,4,5,3,false,true,2|4|6|9,1|3|5|7|8,A|A|O|I,C,I,false
calamita,CALAMITA,,it,generic_household|house,1,8,4,4,3,false,true,2|4|6|8,1|3|5|7,A|A|I|A,C,A,false
calcolatrice,CALCOLATRICE,,it,office,3,12,5,7,4,false,true,2|5|7|10|12,1|3|4|6|8|9|11,A|O|A|I|E,C,E,false
caldaia,CALDAIA,,it,house|office,3,7,4,3,3,false,true,2|5|6|7,1|3|4,A|A|I|A,C,A,false
caldaiaamurare,CALDAIAAMURARE,,it,generic_household|house,1,14,8,6,7,false,true,2|5|6|7|8|10|12|14,1|3|4|9|11|13,A|A|I|A|A|U|A|E,C,E,true
calendario,CALENDARIO,,it,house|kitchen|office,5,10,5,5,4,false,true,2|4|7|9|10,1|3|5|6|8,A|E|A|I|O,C,O,false
calice,CALICE,,it,house|kitchen,3,6,3,3,2,false,true,2|4|6,1|3|5,A|I|E,C,E,false
calicetto,CALICETTO,,it,generic_household|house,1,9,4,5,3,false,true,2|4|6|9,1|3|5|7|8,A|I|E|O,C,O,true
calorifero,CALORIFERO,,it,generic_household|house,1,10,5,5,4,false,true,2|4|6|8|10,1|3|5|7|9,A|O|I|E|O,C,O,false
calza,CALZA,,it,bedroom|house,1,5,2,3,1,false,true,2|5,1|3|4,A|A,C,A,false
calzascarpe,CALZASCARPE,,it,bedroom|house,3,11,4,7,3,false,true,2|5|8|11,1|3|4|6|7|9|10,A|A|A|E,C,E,false
calzettoni,CALZETTONI,,it,bedroom|house,1,10,4,6,3,false,true,2|5|8|10,1|3|4|6|7|9,A|E|O|I,C,I,true
calzini,CALZINI,,it,bedroom|house,5,7,3,4,2,false,true,2|5|7,1|3|4|6,A|I|I,C,I,false
calzino,CALZINO,,it,bedroom|house,1,7,3,4,2,false,true,2|5|7,1|3|4|6,A|I|O,C,O,false
camera,CAMERA,,it,house,5,6,3,3,2,false,true,2|4|6,1|3|5,A|E|A,C,A,false
camicia,CAMICIA,,it,bedroom|house,5,7,4,3,3,false,true,2|4|6|7,1|3|5,A|I|I|A,C,A,false
caminetto,CAMINETTO,,it,house|living_room,1,9,4,5,3,false,true,2|4|6|9,1|3|5|7|8,A|I|E|O,C,O,true
camino,CAMINO,,it,house,1,6,3,3,2,false,true,2|4|6,1|3|5,A|I|O,C,O,false
camomilla,CAMOMILLA,,it,house|kitchen,1,9,4,5,3,false,true,2|4|6|9,1|3|5|7|8,A|O|I|A,C,A,true
campanello,CAMPANELLO,,it,generic_household|house|office,5,10,4,6,3,false,true,2|5|7|10,1|3|4|6|8|9,A|A|E|O,C,O,true
cancellino,CANCELLINO,,it,office,3,10,4,6,3,false,true,2|5|8|10,1|3|4|6|7|9,A|E|I|O,C,O,true
cancellletto,CANCELLLETTO,,it,generic_household|house,1,12,4,8,3,false,true,2|5|9|12,1|3|4|6|7|8|10|11,A|E|E|O,C,O,true
candeggina,CANDEGGINA,,it,bathroom|house,3,10,4,6,3,false,true,2|5|8|10,1|3|4|6|7|9,A|E|I|A,C,A,true
candela,CANDELA,,it,bathroom|house|living_room|office,5,7,3,4,2,false,true,2|5|7,1|3|4|6,A|E|A,C,A,false
candelabro,CANDELABRO,,it,house|living_room|office,3,10,4,6,3,false,true,2|5|7|10,1|3|4|6|8|9,A|E|A|O,C,O,false
candeliere,CANDELIERE,,it,bedroom|house|living_room,3,10,5,5,4,false,true,2|5|7|8|10,1|3|4|6|9,A|E|I|E|E,C,E,false
cannafumaria,CANNAFUMARIA,,it,generic_household|house,1,12,6,6,5,false,true,2|5|7|9|11|12,1|3|4|6|8|10,A|A|U|A|I|A,C,A,true
cannella,CANNELLA,,it,house|kitchen,1,8,3,5,2,false,true,2|5|8,1|3|4|6|7,A|E|A,C,A,true
canottiera,CANOTTIERA,,it,bedroom|house,3,10,5,5,4,false,true,2|4|7|8|10,1|3|5|6|9,A|O|I|E|A,C,A,true
canovaccio,CANOVACCIO,,it,house|kitchen,1,10,5,5,4,false,true,2|4|6|9|10,1|3|5|7|8,A|O|A|I|O,C,O,true
cantina,CANTINA,,it,house,5,7,3,4,2,false,true,2|5|7,1|3|4|6,A|I|A,C,A,false
cantinetta,CANTINETTA,,it,house|kitchen,1,10,4,6,3,false,true,2|5|7|10,1|3|4|6|8|9,A|I|E|A,C,A,true
cappa,CAPPA,,it,generic_household|house,1,5,2,3,1,false,true,2|5,1|3|4,A|A,C,A,true
cappe,CAPPE,,it,generic_household|house,1,5,2,3,1,false,true,2|5,1|3|4,A|E,C,E,true
cappelliera,CAPPELLIERA,,it,generic_household|house,1,11,5,6,4,false,true,2|5|8|9|11,1|3|4|6|7|10,A|E|I|E|A,C,A,true
cappellino,CAPPELLINO,,it,bedroom|house,1,10,4,6,3,false,true,2|5|8|10,1|3|4|6|7|9,A|E|I|O,C,O,true
cappello,CAPPELLO,,it,bedroom|house,5,8,3,5,2,false,true,2|5|8,1|3|4|6|7,A|E|O,C,O,true
capperi,CAPPERI,,it,house|kitchen,1,7,3,4,2,false,true,2|5|7,1|3|4|6,A|E|I,C,I,true
cappero,CAPPERO,,it,house|kitchen,1,7,3,4,2,false,true,2|5|7,1|3|4|6,A|E|O,C,O,true
cappotto,CAPPOTTO,,it,bedroom|house,5,8,3,5,2,false,true,2|5|8,1|3|4|6|7,A|O|O,C,O,true
cappuccino,CAPPUCCINO,,it,house|kitchen,1,10,4,6,3,false,true,2|5|8|10,1|3|4|6|7|9,A|U|I|O,C,O,true
cappuccio,CAPPUCCIO,,it,generic_household|house,1,9,4,5,3,false,true,2|5|8|9,1|3|4|6|7,A|U|I|O,C,O,true
caraffa,CARAFFA,,it,house|kitchen|living_room,3,7,3,4,2,false,true,2|4|7,1|3|5|6,A|A|A,C,A,true
caraffafiltrante,CARAFFAFILTRANTE,,it,house|kitchen,1,16,6,10,5,false,true,2|4|7|9|13|16,1|3|5|6|8|10|11|12|14|15,A|A|A|I|A|E,C,E,true
caraffina,CARAFFINA,,it,house|kitchen,1,9,4,5,3,false,true,2|4|7|9,1|3|5|6|8,A|A|I|A,C,A,true
carbonella,CARBONELLA,,it,generic_household|house,1,10,4,6,3,false,true,2|5|7|10,1|3|4|6|8|9,A|O|E|A,C,A,true
caricabatterie,CARICABATTERIE,,it,generic_household|house|office,5,14,7,7,6,false,true,2|4|6|8|11|13|14,1|3|5|7|9|10|12,A|I|A|A|E|I|E,C,E,true
carne,CARNE,,it,house|kitchen,5,5,2,3,1,false,true,2|5,1|3|4,A|E,C,E,false
carota,CAROTA,,it,house|kitchen,5,6,3,3,2,false,true,2|4|6,1|3|5,A|O|A,C,A,false
carrello,CARRELLO,,it,generic_household|house,1,8,3,5,2,false,true,2|5|8,1|3|4|6|7,A|E|O,C,O,true
carriola,CARRIOLA,,it,generic_household|house,1,8,4,4,3,false,true,2|5|6|8,1|3|4|7,A|I|O|A,C,A,true
carta,CARTA,,it,office,1,5,2,3,1,false,true,2|5,1|3|4,A|A,C,A,false
cartaforno,CARTAFORNO,,it,house|kitchen,1,10,4,6,3,false,true,2|5|7|10,1|3|4|6|8|9,A|A|O|O,C,O,false
cartaigienica,CARTAIGIENICA,,it,bathroom|house,5,13,7,6,6,false,true,2|5|6|8|9|11|13,1|3|4|7|10|12,A|A|I|I|E|I|A,C,A,false
cartella,CARTELLA,,it,bedroom|house|office,3,8,3,5,2,false,true,2|5|8,1|3|4|6|7,A|E|A,C,A,true
cartelletta,CARTELLETTA,,it,bedroom|house|office,1,11,4,7,3,false,true,2|5|8|11,1|3|4|6|7|9|10,A|E|E|A,C,A,true
cartuccia,CARTUCCIA,,it,generic_household|house,1,9,4,5,3,false,true,2|5|8|9,1|3|4|6|7,A|U|I|A,C,A,true
cassaforte,CASSAFORTE,,it,house|office,3,10,4,6,3,false,true,2|5|7|10,1|3|4|6|8|9,A|A|O|E,C,E,true
cassapanca,CASSAPANCA,,it,bedroom|house,3,10,4,6,3,false,true,2|5|7|10,1|3|4|6|8|9,A|A|A|A,C,A,true
casseruola,CASSERUOLA,,it,house|kitchen,3,10,5,5,4,false,true,2|5|7|8|10,1|3|4|6|9,A|E|U|O|A,C,A,true
cassetta,CASSETTA,,it,house,1,8,3,5,2,false,true,2|5|8,1|3|4|6|7,A|E|A,C,A,true
cassettiera,CASSETTIERA,,it,bedroom|house,5,11,5,6,4,false,true,2|5|8|9|11,1|3|4|6|7|10,A|E|I|E|A,C,A,true
cassettone,CASSETTONE,,it,bedroom|house|living_room,1,10,4,6,3,false,true,2|5|8|10,1|3|4|6|7|9,A|E|O|E,C,E,true
cassonetto,CASSONETTO,,it,generic_household|house,1,10,4,6,3,false,true,2|5|7|10,1|3|4|6|8|9,A|O|E|O,C,O,true
catenaccio,CATENACCIO,,it,house|office,3,10,5,5,4,false,true,2|4|6|9|10,1|3|5|7|8,A|E|A|I|O,C,O,true
cavalletto,CAVALLETTO,,it,bedroom|house|kitchen,1,10,4,6,3,false,true,2|4|7|10,1|3|5|6|8|9,A|A|E|O,C,O,true
cavatappi,CAVATAPPI,,it,house|kitchen,3,9,4,5,3,false,true,2|4|6|9,1|3|5|7|8,A|A|A|I,C,I,true
cavolfiore,CAVOLFIORE,,it,house|kitchen,1,10,5,5,4,false,true,2|4|7|8|10,1|3|5|6|9,A|O|I|O|E,C,E,false
cavolo,CAVOLO,,it,house|kitchen,1,6,3,3,2,false,true,2|4|6,1|3|5,A|O|O,C,O,false
ceci,CECI,,it,house|kitchen,1,4,2,2,1,false,true,2|4,1|3,E|I,C,I,false
centrifuga,CENTRIFUGA,,it,house|kitchen,3,10,4,6,3,false,true,2|6|8|10,1|3|4|5|7|9,E|I|U|A,C,A,false
centrino,CENTRINO,,it,house|kitchen|living_room,3,8,3,5,2,false,true,2|6|8,1|3|4|5|7,E|I|O,C,O,false
centrotavola,CENTROTAVOLA,,it,bedroom|house|kitchen|living_room,3,12,5,7,4,false,true,2|6|8|10|12,1|3|4|5|7|9|11,E|O|A|O|A,C,A,false
ceppo,CEPPO,,it,house|kitchen,1,5,2,3,1,false,true,2|5,1|3|4,E|O,C,O,true
ceppocoltelli,CEPPOCOLTELLI,,it,house|kitchen,1,13,5,8,4,false,true,2|5|7|10|13,1|3|4|6|8|9|11|12,E|O|O|E|I,C,I,true
cereali,CEREALI,,it,house|kitchen,1,7,4,3,3,false,true,2|4|5|7,1|3|6,E|E|A|I,C,I,false
cerotto,CEROTTO,,it,bathroom|house,3,7,3,4,2,false,true,2|4|7,1|3|5|6,E|O|O,C,O,true
cesoie,CESOIE,,it,generic_household|house,1,6,4,2,3,false,true,2|4|5|6,1|3,E|O|I|E,C,E,false
cestello,CESTELLO,,it,house|kitchen,1,8,3,5,2,false,true,2|5|8,1|3|4|6|7,E|E|O,C,O,true
cestino,CESTINO,,it,bathroom|house|kitchen|office,5,7,3,4,2,false,true,2|5|7,1|3|4|6,E|I|O,C,O,false
cesto,CESTO,,it,bathroom|bedroom|house,3,5,2,3,1,false,true,2|5,1|3|4,E|O,C,O,false
cestobiancheria,CESTOBIANCHERIA,,it,bathroom|house,1,15,7,8,6,false,true,2|5|7|8|12|14|15,1|3|4|6|9|10|11|13,E|O|I|A|E|I|A,C,A,false
cestone,CESTONE,,it,bathroom|house,1,7,3,4,2,false,true,2|5|7,1|3|4|6,E|O|E,C,E,false
cestonebiancheria,CESTONEBIANCHERIA,,it,generic_household|house,1,17,8,9,7,false,true,2|5|7|9|10|14|16|17,1|3|4|6|8|11|12|13|15,E|O|E|I|A|E|I|A,C,A,false
cestopane,CESTOPANE,,it,house|kitchen,1,9,4,5,3,false,true,2|5|7|9,1|3|4|6|8,E|O|A|E,C,E,false
cetriolo,CETRIOLO,,it,house|kitchen,1,8,4,4,3,false,true,2|5|6|8,1|3|4|7,E|I|O|O,C,O,false
chiave,CHIAVE,,it,generic_household|house|office,5,6,3,3,2,false,true,3|4|6,1|2|5,I|A|E,C,E,false
chiaveinglese,CHIAVEINGLESE,,it,generic_household|house,1,13,6,7,5,false,true,3|4|6|7|11|13,1|2|5|8|9|10|12,I|A|E|I|E|E,C,E,false
chiavetta,CHIAVETTA,,it,house|office,1,9,4,5,3,false,true,3|4|6|9,1|2|5|7|8,I|A|E|A,C,A,true
chiavistello,CHIAVISTELLO,,it,house|office,3,12,5,7,4,false,true,3|4|6|9|12,1|2|5|7|8|10|11,I|A|I|E|O,C,O,true
chiodi,CHIODI,,it,house|kitchen,1,6,3,3,2,false,true,3|4|6,1|2|5,I|O|I,C,I,false
chiodigarofano,CHIODIGAROFANO,,it,house|kitchen,1,14,7,7,6,false,true,3|4|6|8|10|12|14,1|2|5|7|9|11|13,I|O|I|A|O|A|O,C,O,false
chiodo,CHIODO,,it,generic_household|house,5,6,3,3,2,false,true,3|4|6,1|2|5,I|O|O,C,O,false
chiudiporta,CHIUDIPORTA,,it,generic_household|house,1,11,5,6,4,false,true,3|4|6|8|11,1|2|5|7|9|10,I|U|I|O|A,C,A,false
ciabatta,CIABATTA,,it,bathroom|bedroom|generic_household|house|office,5,8,4,4,3,false,true,2|3|5|8,1|4|6|7,I|A|A|A,C,A,true
ciabattaelettrica,CIABATTAELETTRICA,,it,generic_household|house|office,1,17,8,9,7,false,true,2|3|5|8|9|11|15|17,1|4|6|7|10|12|13|14|16,I|A|A|A|E|E|I|A,C,A,true
ciambella,CIAMBELLA,,it,house|kitchen,1,9,4,5,3,false,true,2|3|6|9,1|4|5|7|8,I|A|E|A,C,A,true
cicchetto,CICCHETTO,,it,generic_household|house,1,9,3,6,2,false,true,2|6|9,1|3|4|5|7|8,I|E|O,C,O,true
ciliegia,CILIEGIA,,it,house|kitchen,1,8,5,3,4,false,true,2|4|5|7|8,1|3|6,I|I|E|I|A,C,A,false
ciliegie,CILIEGIE,,it,house|kitchen,1,8,5,3,4,false,true,2|4|5|7|8,1|3|6,I|I|E|I|E,C,E,false
cilindro,CILINDRO,,it,house|office,1,8,3,5,2,false,true,2|4|8,1|3|5|6|7,I|I|O,C,O,false
cintura,CINTURA,,it,bedroom|house,5,7,3,4,2,false,true,2|5|7,1|3|4|6,I|U|A,C,A,false
cioccolata,CIOCCOLATA,,it,house|kitchen,1,10,5,5,4,false,true,2|3|6|8|10,1|4|5|7|9,I|O|O|A|A,C,A,true
cioccolatacalda,CIOCCOLATACALDA,,it,house|kitchen,1,15,7,8,6,false,true,2|3|6|8|10|12|15,1|4|5|7|9|11|13|14,I|O|O|A|A|A|A,C,A,true
cioccolato,CIOCCOLATO,,it,house|kitchen,5,10,5,5,4,false,true,2|3|6|8|10,1|4|5|7|9,I|O|O|A|O,C,O,true
ciotola,CIOTOLA,,it,house|kitchen,5,7,4,3,3,false,true,2|3|5|7,1|4|6,I|O|O|A,C,A,false
ciotolacani,CIOTOLACANI,,it,house,1,11,6,5,5,false,true,2|3|5|7|9|11,1|4|6|8|10,I|O|O|A|A|I,C,I,false
ciotolagatti,CIOTOLAGATTI,,it,house,1,12,6,6,5,false,true,2|3|5|7|9|12,1|4|6|8|10|11,I|O|O|A|A|I,C,I,true
cipolla,CIPOLLA,,it,house|kitchen,5,7,3,4,2,false,true,2|4|7,1|3|5|6,I|O|A,C,A,true
cipria,CIPRIA,,it,bathroom|bedroom|house,3,6,3,3,2,false,true,2|5|6,1|3|4,I|I|A,C,A,false
cisterna,CISTERNA,,it,house|kitchen,1,8,3,5,2,false,true,2|5|8,1|3|4|6|7,I|E|A,C,A,false
citofono,CITOFONO,,it,generic_household|house|office,5,8,4,4,3,false,true,2|4|6|8,1|3|5|7,I|O|O|O,C,O,false
ciuccio,CIUCCIO,,it,house,3,7,4,3,3,false,true,2|3|6|7,1|4|5,I|U|I|O,C,O,true
classificatore,CLASSIFICATORE,,it,office,1,14,6,8,5,false,true,3|6|8|10|12|14,1|2|4|5|7|9|11|13,A|I|I|A|O|E,C,E,true
cleaning,CLEANING,,it,generic_household|house,1,8,3,5,3,false,false,3|4|6,1|2|5|7|8,E|A|I,C,G,false
clessidra,CLESSIDRA,,it,house|office,3,9,3,6,2,false,true,3|6|9,1|2|4|5|7|8,E|I|A,C,A,true
clothes,CLOTHES,,it,generic_household|house,1,7,2,5,2,false,false,3|6,1|2|4|5|7,O|E,C,S,false
colapasta,COLAPASTA,SCOLAPASTA,it,house|kitchen,1,9,4,5,3,false,true,2|4|6|9,1|3|5|7|8,O|A|A|A,C,A,false
colino,COLINO,,it,house|kitchen,1,6,3,3,2,false,true,2|4|6,1|3|5,O|I|O,C,O,false
colla,COLLA,,it,house|office,5,5,2,3,1,false,true,2|5,1|3|4,O|A,C,A,true
collana,COLLANA,,it,bedroom|house,5,7,3,4,2,false,true,2|5|7,1|3|4|6,O|A|A,C,A,true
collant,COLLANT,,it,bedroom|house,3,7,2,5,2,false,false,2|5,1|3|4|6|7,O|A,C,T,true
collastick,COLLASTICK,,it,house|office,1,10,3,7,3,false,false,2|5|8,1|3|4|6|7|9|10,O|A|I,C,K,true
collavinilica,COLLAVINILICA,,it,house|office,1,13,6,7,5,false,true,2|5|7|9|11|13,1|3|4|6|8|10|12,O|A|I|I|I|A,C,A,true
collutorio,COLLUTORIO,,it,bathroom|house,3,10,5,5,4,false,true,2|5|7|9|10,1|3|4|6|8,O|U|O|I|O,C,O,true
colonnadoccia,COLONNADOCCIA,,it,bathroom|house,1,13,6,7,5,false,true,2|4|7|9|12|13,1|3|5|6|8|10|11,O|O|A|O|I|A,C,A,true
coltelleria,COLTELLERIA,,it,house|kitchen,1,11,5,6,4,false,true,2|5|8|10|11,1|3|4|6|7|9,O|E|E|I|A,C,A,true
coltelli,COLTELLI,,it,house|kitchen,1,8,3,5,2,false,true,2|5|8,1|3|4|6|7,O|E|I,C,I,true
coltellino,COLTELLINO,,it,house|kitchen,1,10,4,6,3,false,true,2|5|8|10,1|3|4|6|7|9,O|E|I|O,C,O,true
coltello,COLTELLO,,it,house|kitchen,5,8,3,5,2,false,true,2|5|8,1|3|4|6|7,O|E|O,C,O,true
comodino,COMODINO,,it,bedroom|house|living_room,5,8,4,4,3,false,true,2|4|6|8,1|3|5|7,O|O|I|O,C,O,false
compostiera,COMPOSTIERA,,it,house|kitchen,1,11,5,6,4,false,true,2|5|8|9|11,1|3|4|6|7|10,O|O|I|E|A,C,A,false
computer,COMPUTER,NOTEBOOK|PC|PORTATILE,it,house|office,5,8,3,5,3,false,false,2|5|7,1|3|4|6|8,O|U|E,C,R,false
concentrato,CONCENTRATO,,it,house|kitchen,1,11,4,7,3,false,true,2|5|9|11,1|3|4|6|7|8|10,O|E|A|O,C,O,false
condizionatore,CONDIZIONATORE,,it,house|office,5,14,7,7,6,false,true,2|5|7|8|10|12|14,1|3|4|6|9|11|13,O|I|I|O|A|O|E,C,E,false
conduttura,CONDUTTURA,,it,generic_household|house,1,10,4,6,3,false,true,2|5|8|10,1|3|4|6|7|9,O|U|U|A,C,A,true
confettura,CONFETTURA,,it,house|kitchen,1,10,4,6,3,false,true,2|5|8|10,1|3|4|6|7|9,O|E|U|A,C,A,true
congelatore,CONGELATORE,,it,house|kitchen,3,11,5,6,4,false,true,2|5|7|9|11,1|3|4|6|8|10,O|E|A|O|E,C,E,false
consolle,CONSOLLE,,it,bedroom|house|living_room,1,8,3,5,2,false,true,2|5|8,1|3|4|6|7,O|O|E,C,E,true
contatore,CONTATORE,,it,house,1,9,4,5,3,false,true,2|5|7|9,1|3|4|6|8,O|A|O|E,C,E,false
contenitore,CONTENITORE,,it,house|kitchen,1,11,5,6,4,false,true,2|5|7|9|11,1|3|4|6|8|10,O|E|I|O|E,C,E,false
coperchio,COPERCHIO,,it,house|kitchen,5,9,4,5,3,false,true,2|4|8|9,1|3|5|6|7,O|E|I|O,C,O,false
coperchiovetro,COPERCHIOVETRO,,it,house|kitchen,1,14,6,8,5,false,true,2|4|8|9|11|14,1|3|5|6|7|10|12|13,O|E|I|O|E|O,C,O,false
coperta,COPERTA,,it,bedroom|house|living_room,5,7,3,4,2,false,true,2|4|7,1|3|5|6,O|E|A,C,A,false
copribatteria,COPRIBATTERIA,,it,generic_household|house,1,13,6,7,5,false,true,2|5|7|10|12|13,1|3|4|6|8|9|11,O|I|A|E|I|A,C,A,true
copricalorifero,COPRICALORIFERO,,it,generic_household|house,1,15,7,8,6,false,true,2|5|7|9|11|13|15,1|3|4|6|8|10|12|14,O|I|A|O|I|E|O,C,O,false
copridivano,COPRIDIVANO,,it,bedroom|house,3,11,5,6,4,false,true,2|5|7|9|11,1|3|4|6|8|10,O|I|I|A|O,C,O,false
copriletto,COPRILETTO,,it,bedroom|house,3,10,4,6,3,false,true,2|5|7|10,1|3|4|6|8|9,O|I|E|O,C,O,true
copritavolo,COPRITAVOLO,,it,house|kitchen|living_room,1,11,5,6,4,false,true,2|5|7|9|11,1|3|4|6|8|10,O|I|A|O|O,C,O,false
copriwater,COPRIWATER,,it,bathroom|house|kitchen,1,10,4,6,4,false,false,2|5|7|9,1|3|4|6|8|10,O|I|A|E,C,R,false
cordoncino,CORDONCINO,,it,generic_household|house,1,10,4,6,3,false,true,2|5|8|10,1|3|4|6|7|9,O|O|I|O,C,O,false
cornetto,CORNETTO,,it,house|kitchen,1,8,3,5,2,false,true,2|5|8,1|3|4|6|7,O|E|O,C,O,true
cornice,CORNICE,,it,bedroom|house|living_room,5,7,3,4,2,false,true,2|5|7,1|3|4|6,O|I|E,C,E,false
cornicefoto,CORNICEFOTO,,it,house|living_room,1,11,5,6,4,false,true,2|5|7|9|11,1|3|4|6|8|10,O|I|E|O|O,C,O,false
corridoio,CORRIDOIO,,it,house,5,9,5,4,4,false,true,2|5|7|8|9,1|3|4|6,O|I|O|I|O,C,O,true
corrimano,CORRIMANO,,it,house|office,5,9,4,5,3,false,true,2|5|7|9,1|3|4|6|8,O|I|A|O,C,O,true
cortile,CORTILE,,it,house,1,7,3,4,2,false,true,2|5|7,1|3|4|6,O|I|E,C,E,false
cotoletta,COTOLETTA,,it,house|kitchen,1,9,4,5,3,false,true,2|4|6|9,1|3|5|7|8,O|O|E|A,C,A,true
cotone,COTONE,,it,bathroom|house,1,6,3,3,2,false,true,2|4|6,1|3|5,O|O|E,C,E,false
cotta,COTTA,,it,house|kitchen,1,5,2,3,1,false,true,2|5,1|3|4,O|A,C,A,true
cottonfioc,COTTONFIOC,,it,bathroom|house,3,10,4,6,4,false,false,2|5|8|9,1|3|4|6|7|10,O|O|I|O,C,C,true
couscous,COUSCOUS,,it,house|kitchen,1,8,4,4,4,false,false,2|3|6|7,1|4|5|8,O|U|O|U,C,S,false
couscoussiera,COUSCOUSSIERA,,it,house|kitchen,1,13,7,6,6,false,true,2|3|6|7|10|11|13,1|4|5|8|9|12,O|U|O|U|I|E|A,C,A,true
cozze,COZZE,,it,house|kitchen,1,5,2,3,1,false,true,2|5,1|3|4,O|E,C,E,true
crackers,CRACKERS,,it,house|kitchen,1,8,2,6,2,false,false,3|6,1|2|4|5|7|8,A|E,C,S,false
cravatta,CRAVATTA,,it,bedroom|house,5,8,3,5,2,false,true,3|5|8,1|2|4|6|7,A|A|A,C,A,true
credenza,CREDENZA,,it,bedroom|house|kitchen|living_room,5,8,3,5,2,false,true,3|5|8,1|2|4|6|7,E|E|A,C,A,false
crema,CREMA,,it,bathroom|bedroom|house,5,5,2,3,1,false,true,3|5,1|2|4,E|A,C,A,false
crepiera,CREPIERA,,it,house|kitchen,1,8,4,4,3,false,true,3|5|6|8,1|2|4|7,E|I|E|A,C,A,false
crocchette,CROCCHETTE,,it,house,1,10,3,7,2,false,true,3|7|10,1|2|4|5|6|8|9,O|E|E,C,E,true
croissant,CROISSANT,,it,house|kitchen,1,9,3,6,3,false,false,3|4|7,1|2|5|6|8|9,O|I|A,C,T,true
crostata,CROSTATA,,it,house|kitchen,1,8,3,5,2,false,true,3|6|8,1|2|4|5|7,O|A|A,C,A,false
crumira,CRUMIRA,,it,generic_household|house,1,7,3,4,2,false,true,3|5|7,1|2|4|6,U|I|A,C,A,false
cucchiaino,CUCCHIAINO,,it,generic_household|house,5,10,5,5,4,false,true,2|6|7|8|10,1|3|4|5|9,U|I|A|I|O,C,O,true
cucchiaio,CUCCHIAIO,,it,house|kitchen,5,9,5,4,4,false,true,2|6|7|8|9,1|3|4|5,U|I|A|I|O,C,O,true
cucchiaione,CUCCHIAIONE,,it,house|kitchen,1,11,6,5,5,false,true,2|6|7|8|9|11,1|3|4|5|10,U|I|A|I|O|E,C,E,true
cuccia,CUCCIA,,it,house,3,6,3,3,2,false,true,2|5|6,1|3|4,U|I|A,C,A,true
cucina,CUCINA,,it,house|kitchen,5,6,3,3,2,false,true,2|4|6,1|3|5,U|I|A,C,A,false
cucinaacomponente,CUCINAACOMPONENTE,,it,house|kitchen,1,17,8,9,7,false,true,2|4|6|7|9|12|14|17,1|3|5|8|10|11|13|15|16,U|I|A|A|O|O|E|E,C,E,true
cucitrice,CUCITRICE,,it,house|office,3,9,4,5,3,false,true,2|4|7|9,1|3|5|6|8,U|I|I|E,C,E,false
cuffie,CUFFIE,,it,bedroom|house|office,5,6,3,3,2,false,true,2|5|6,1|3|4,U|I|E,C,E,true
culla,CULLA,,it,house,1,5,2,3,1,false,true,2|5,1|3|4,U|A,C,A,true
cuociriso,CUOCIRISO,,it,house|kitchen,3,9,5,4,4,false,true,2|3|5|7|9,1|4|6|8,U|O|I|I|O,C,O,false
cuociuova,CUOCIUOVA,,it,house|kitchen,1,9,6,3,5,false,true,2|3|5|6|7|9,1|4|8,U|O|I|U|O|A,C,A,false
curcuma,CURCUMA,,it,house|kitchen,1,7,3,4,2,false,true,2|5|7,1|3|4|6,U|U|A,C,A,false
curry,CURRY,,it,house|kitchen,1,5,1,4,1,false,false,2,1|3|4|5,U,C,Y,true
cuscinetto,CUSCINETTO,,it,bedroom|house,1,10,4,6,3,false,true,2|5|7|10,1|3|4|6|8|9,U|I|E|O,C,O,true
cuscino,CUSCINO,,it,bedroom|house|living_room,5,7,3,4,2,false,true,2|5|7,1|3|4|6,U|I|O,C,O,false
cuscinone,CUSCINONE,,it,bedroom|house,1,9,4,5,3,false,true,2|5|7|9,1|3|4|6|8,U|I|O|E,C,E,false
custodia,CUSTODIA,,it,bedroom|house,1,8,4,4,3,false,true,2|5|7|8,1|3|4|6,U|O|I|A,C,A,false
datteri,DATTERI,,it,house|kitchen,1,7,3,4,2,false,true,2|5|7,1|3|4|6,A|E|I,D,I,true
dattero,DATTERO,,it,house|kitchen,1,7,3,4,2,false,true,2|5|7,1|3|4|6,A|E|O,D,O,true
davanzale,DAVANZALE,,it,house|office,5,9,4,5,3,false,true,2|4|7|9,1|3|5|6|8,A|A|A|E,D,E,false
deambulatore,DEAMBULATORE,,it,bathroom|house,3,12,6,6,5,false,true,2|3|6|8|10|12,1|4|5|7|9|11,E|A|U|A|O|E,D,E,false
decoder,DECODER,,it,house|living_room|office,3,7,3,4,3,false,false,2|4|6,1|3|5|7,E|O|E,D,R,false
dentifricio,DENTIFRICIO,,it,bathroom|house,5,11,5,6,4,false,true,2|5|8|10|11,1|3|4|6|7|9,E|I|I|I|O,D,O,false
deodorante,DEODORANTE,,it,bathroom|bedroom|house,5,10,5,5,4,false,true,2|3|5|7|10,1|4|6|8|9,E|O|O|A|E,D,E,false
depilatore,DEPILATORE,,it,bathroom|house,3,10,5,5,4,false,true,2|4|6|8|10,1|3|5|7|9,E|I|A|O|E,D,E,false
depuratore,DEPURATORE,,it,house|kitchen,1,10,5,5,4,false,true,2|4|6|8|10,1|3|5|7|9,E|U|A|O|E,D,E,false
detersivo,DETERSIVO,,it,bathroom|house|kitchen,5,9,4,5,3,false,true,2|4|7|9,1|3|5|6|8,E|E|I|O,D,O,false
deumidificatore,DEUMIDIFICATORE,,it,house,1,15,8,7,7,false,true,2|3|5|7|9|11|13|15,1|4|6|8|10|12|14,E|U|I|I|I|A|O|E,D,E,false
diffusore,DIFFUSORE,,it,house|living_room,1,9,4,5,3,false,true,2|5|7|9,1|3|4|6|8,I|U|O|E,D,E,true
disimpegno,DISIMPEGNO,,it,house,1,10,4,6,3,false,true,2|4|7|10,1|3|5|6|8|9,I|I|E|O,D,O,false
disinfettante,DISINFETTANTE,,it,bathroom|house,3,13,5,8,4,false,true,2|4|7|10|13,1|3|5|6|8|9|11|12,I|I|E|A|E,D,E,true
dispensa,DISPENSA,,it,bedroom|house|kitchen,5,8,3,5,2,false,true,2|5|8,1|3|4|6|7,I|E|A,D,A,false
ditale,DITALE,,it,house,3,6,3,3,2,false,true,2|4|6,1|3|5,I|A|E,D,E,false
divanetto,DIVANETTO,,it,house|living_room,1,9,4,5,3,false,true,2|4|6|9,1|3|5|7|8,I|A|E|O,D,O,true
divano,DIVANO,,it,house|living_room|office,5,6,3,3,2,false,true,2|4|6,1|3|5,I|A|O,D,O,false
diy,DIY,,it,generic_household|house,1,3,1,2,1,false,false,2,1|3,I,D,Y,false
doccetta,DOCCETTA,,it,bathroom|house,1,8,3,5,2,false,true,2|5|8,1|3|4|6|7,O|E|A,D,A,true
doccia,DOCCIA,,it,bathroom|house,5,6,3,3,2,false,true,2|5|6,1|3|4,O|I|A,D,A,true
docciaschiuma,DOCCIASCHIUMA,,it,bathroom|house,1,13,6,7,5,false,true,2|5|6|10|11|13,1|3|4|7|8|9|12,O|I|A|I|U|A,D,A,true
dondolo,DONDOLO,,it,house|living_room|office,3,7,3,4,2,false,true,2|5|7,1|3|4|6,O|O|O,D,O,false
doors,DOORS,,it,generic_household|house,1,5,2,3,2,false,false,2|3,1|4|5,O|O,D,S,true
dopobarba,DOPOBARBA,,it,bathroom|house,1,9,4,5,3,false,true,2|4|6|9,1|3|5|7|8,O|O|A|A,D,A,false
dosatore,DOSATORE,,it,house|kitchen,1,8,4,4,3,false,true,2|4|6|8,1|3|5|7,O|A|O|E,D,E,false
dosatoreecoregola,DOSATOREECOREGOLA,,it,generic_household|house,1,17,9,8,8,false,true,2|4|6|8|9|11|13|15|17,1|3|5|7|10|12|14|16,O|A|O|E|E|O|E|O|A,D,A,true
elastico,ELASTICO,,it,office,3,8,4,4,2,true,true,1|3|6|8,2|4|5|7,E|A|I|O,E,O,false
electronics,ELECTRONICS,,it,generic_household|house,1,11,4,7,3,true,false,1|3|7|9,2|4|5|6|8|10|11,E|E|O|I,E,S,false
elettricista,ELETTRICISTA,,it,generic_household|house,1,12,5,7,3,true,true,1|3|7|9|12,2|4|5|6|8|10|11,E|E|I|I|A,E,A,true
espresso,ESPRESSO,,it,house|kitchen,1,8,3,5,1,true,true,1|5|8,2|3|4|6|7,E|E|O,E,O,true
estrattore,ESTRATTORE,,it,house|kitchen,3,10,4,6,2,true,true,1|5|8|10,2|3|4|6|7|9,E|A|O|E,E,E,true
evidenziatore,EVIDENZIATORE,,it,house|office,3,13,7,6,5,true,true,1|3|5|8|9|11|13,2|4|6|7|10|12,E|I|E|I|A|O|E,E,E,false
extras,EXTRAS,,it,generic_household|house,1,6,2,4,1,true,false,1|5,2|3|4|6,E|A,E,S,false
eyeliner,EYELINER,,it,bathroom|bedroom|house,3,8,4,4,3,true,false,1|3|5|7,2|4|6|8,E|E|I|E,E,R,false
fagioli,FAGIOLI,,it,house|kitchen,1,7,4,3,3,false,true,2|4|5|7,1|3|6,A|I|O|I,F,I,false
fagiolini,FAGIOLINI,,it,house|kitchen,1,9,5,4,4,false,true,2|4|5|7|9,1|3|6|8,A|I|O|I|I,F,I,false
faretto,FARETTO,,it,house|kitchen|living_room|office,3,7,3,4,2,false,true,2|4|7,1|3|5|6,A|E|O,F,O,true
farina,FARINA,,it,house|kitchen,5,6,3,3,2,false,true,2|4|6,1|3|5,A|I|A,F,A,false
farinacei,FARINACEI,,it,house|kitchen,1,9,5,4,4,false,true,2|4|6|8|9,1|3|5|7,A|I|A|E|I,F,I,false
fascetta,FASCETTA,,it,generic_household|house,1,8,3,5,2,false,true,2|5|8,1|3|4|6|7,A|E|A,F,A,true
fasciatoio,FASCIATOIO,,it,house,3,10,6,4,5,false,true,2|5|6|8|9|10,1|3|4|7,A|I|A|O|I|O,F,O,false
fazzoletto,FAZZOLETTO,,it,generic_household|house,3,10,4,6,3,false,true,2|5|7|10,1|3|4|6|8|9,A|O|E|O,F,O,true
fecola,FECOLA,,it,house|kitchen,1,6,3,3,2,false,true,2|4|6,1|3|5,E|O|A,F,A,false
federa,FEDERA,,it,bedroom|house,5,6,3,3,2,false,true,2|4|6,1|3|5,E|E|A,F,A,false
felpa,FELPA,,it,bedroom|house,5,5,2,3,1,false,true,2|5,1|3|4,E|A,F,A,false
fermacarte,FERMACARTE,,it,house,3,10,4,6,3,false,true,2|5|7|10,1|3|4|6|8|9,E|A|A|E,F,E,false
fermafinestra,FERMAFINESTRA,,it,generic_household|house,1,13,5,8,4,false,true,2|5|7|9|13,1|3|4|6|8|10|11|12,E|A|I|E|A,F,A,false
fermaglio,FERMAGLIO,,it,office,3,9,4,5,3,false,true,2|5|8|9,1|3|4|6|7,E|A|I|O,F,O,false
fermaporta,FERMAPORTA,,it,house|office,3,10,4,6,3,false,true,2|5|7|10,1|3|4|6|8|9,E|A|O|A,F,A,false
ferro,FERRO,,it,bedroom|house,5,5,2,3,1,false,true,2|5,1|3|4,E|O,F,O,true
ferroda,FERRODA,,it,generic_household|house,1,7,3,4,2,false,true,2|5|7,1|3|4|6,E|O|A,F,A,true
ferrodastiro,FERRODASTIRO,,it,generic_household|house,1,12,5,7,4,false,true,2|5|7|10|12,1|3|4|6|8|9|11,E|O|A|I|O,F,O,true
ferrostiro,FERROSTIRO,,it,bedroom|house,1,10,4,6,3,false,true,2|5|8|10,1|3|4|6|7|9,E|O|I|O,F,O,true
fettebiscottate,FETTEBISCOTTATE,,it,house|kitchen,1,15,6,9,5,false,true,2|5|7|10|13|15,1|3|4|6|8|9|11|12|14,E|E|I|O|A|E,F,E,true
fiammifero,FIAMMIFERO,,it,house|kitchen,3,10,5,5,4,false,true,2|3|6|8|10,1|4|5|7|9,I|A|I|E|O,F,O,true
fichi,FICHI,,it,house|kitchen,1,5,2,3,1,false,true,2|5,1|3|4,I|I,F,I,false
fico,FICO,,it,house|kitchen,1,4,2,2,1,false,true,2|4,1|3,I|O,F,O,false
filo,FILO,,it,house,3,4,2,2,1,false,true,2|4,1|3,I|O,F,O,false
filocotone,FILOCOTONE,,it,generic_household|house,1,10,5,5,4,false,true,2|4|6|8|10,1|3|5|7|9,I|O|O|O|E,F,E,false
filtracafe,FILTRACAFE,,it,house|kitchen,1,10,4,6,3,false,true,2|6|8|10,1|3|4|5|7|9,I|A|A|E,F,E,false
filtracqua,FILTRACQUA,,it,house|kitchen,1,10,4,6,3,false,true,2|6|9|10,1|3|4|5|7|8,I|A|U|A,F,A,false
finestra,FINESTRA,,it,generic_household|house|office,5,8,3,5,2,false,true,2|4|8,1|3|5|6|7,I|E|A,F,A,false
fiocchi,FIOCCHI,,it,house|kitchen,1,7,3,4,2,false,true,2|3|7,1|4|5|6,I|O|I,F,I,true
fiocchiavena,FIOCCHIAVENA,,it,house|kitchen,1,12,6,6,5,false,true,2|3|7|8|10|12,1|4|5|6|9|11,I|O|I|A|E|A,F,A,true
fiocco,FIOCCO,,it,house,1,6,3,3,2,false,true,2|3|6,1|4|5,I|O|O,F,O,true
fioriera,FIORIERA,,it,house|living_room,3,8,5,3,4,false,true,2|3|5|6|8,1|4|7,I|O|I|E|A,F,A,false
fiorivaso,FIORIVASO,,it,generic_household|house,1,9,5,4,4,false,true,2|3|5|7|9,1|4|6|8,I|O|I|A|O,F,O,false
fixtures,FIXTURES,,it,generic_household|house,1,8,3,5,3,false,false,2|5|7,1|3|4|6|8,I|U|E,F,S,false
focaccia,FOCACCIA,,it,house|kitchen,1,8,4,4,3,false,true,2|4|7|8,1|3|5|6,O|A|I|A,F,A,true
foglio,FOGLIO,,it,office,5,6,3,3,2,false,true,2|5|6,1|3|4,O|I|O,F,O,false
fondotinta,FONDOTINTA,,it,bathroom|bedroom|house,3,10,4,6,3,false,true,2|5|7|10,1|3|4|6|8|9,O|O|I|A,F,A,false
fondueset,FONDUESET,,it,house|kitchen,1,9,4,5,4,false,false,2|5|6|8,1|3|4|7|9,O|U|E|E,F,T,false
food,FOOD,,it,generic_household|house,1,4,2,2,2,false,false,2|3,1|4,O|O,F,D,true
forbici,FORBICI,,it,house|kitchen|office,5,7,3,4,2,false,true,2|5|7,1|3|4|6,O|I|I,F,I,false
forbicine,FORBICINE,,it,bathroom|house,1,9,4,5,3,false,true,2|5|7|9,1|3|4|6|8,O|I|I|E,F,E,false
forchetta,FORCHETTA,,it,house|kitchen,5,9,3,6,2,false,true,2|6|9,1|3|4|5|7|8,O|E|A,F,A,true
forchettone,FORCHETTONE,,it,house|kitchen,1,11,4,7,3,false,true,2|6|9|11,1|3|4|5|7|8|10,O|E|O|E,F,E,true
forcone,FORCONE,,it,generic_household|house,1,7,3,4,2,false,true,2|5|7,1|3|4|6,O|O|E,F,E,false
formaggiera,FORMAGGIERA,,it,house|kitchen,3,11,5,6,4,false,true,2|5|8|9|11,1|3|4|6|7|10,O|A|I|E|A,F,A,true
formaggio,FORMAGGIO,,it,house|kitchen,5,9,4,5,3,false,true,2|5|8|9,1|3|4|6|7,O|A|I|O,F,O,true
fornetto,FORNETTO,,it,house|kitchen,1,8,3,5,2,false,true,2|5|8,1|3|4|6|7,O|E|O,F,O,true
forno,FORNO,,it,house|kitchen,5,5,2,3,1,false,true,2|5,1|3|4,O|O,F,O,false
fotocopiatrice,FOTOCOPIATRICE,,it,house|office,1,14,7,7,6,false,true,2|4|6|8|9|12|14,1|3|5|7|10|11|13,O|O|O|I|A|I|E,F,E,false
fragola,FRAGOLA,,it,house|kitchen,5,7,3,4,2,false,true,3|5|7,1|2|4|6,A|O|A,F,A,false
fragranza,FRAGRANZA,,it,generic_household|house,1,9,3,6,2,false,true,3|6|9,1|2|4|5|7|8,A|A|A,F,A,false
friggitrice,FRIGGITRICE,,it,house|kitchen,3,11,4,7,3,false,true,3|6|9|11,1|2|4|5|7|8|10,I|I|I|E,F,E,true
friggitricearia,FRIGGITRICEARIA,,it,house|kitchen,1,15,7,8,6,false,true,3|6|9|11|12|14|15,1|2|4|5|7|8|10|13,I|I|I|E|A|I|A,F,A,true
frigorifero,FRIGORIFERO,FRIGO,it,house|kitchen,5,11,5,6,4,false,true,3|5|7|9|11,1|2|4|6|8|10,I|O|I|E|O,F,O,false
frullatinovetr,FRULLATINOVETR,,it,house|kitchen,1,14,5,9,5,false,false,3|6|8|10|12,1|2|4|5|7|9|11|13|14,U|A|I|O|E,F,R,true
frullatore,FRULLATORE,,it,house|kitchen,3,10,4,6,3,false,true,3|6|8|10,1|2|4|5|7|9,U|A|O|E,F,E,true
frullino,FRULLINO,,it,house|kitchen,1,8,3,5,2,false,true,3|6|8,1|2|4|5|7,U|I|O,F,O,true
frusta,FRUSTA,,it,house|kitchen,3,6,2,4,1,false,true,3|6,1|2|4|5,U|A,F,A,false
frustina,FRUSTINA,,it,generic_household|house,1,8,3,5,2,false,true,3|6|8,1|2|4|5|7,U|I|A,F,A,false
frutta,FRUTTA,,it,house|kitchen,5,6,2,4,1,false,true,3|6,1|2|4|5,U|A,F,A,true
funghi,FUNGHI,,it,house|kitchen,1,6,2,4,1,false,true,2|6,1|3|4|5,U|I,F,I,false
furniture,FURNITURE,,it,generic_household|house,1,9,4,5,3,false,true,2|5|7|9,1|3|4|6|8,U|I|U|E,F,E,false
fusilli,FUSILLI,,it,house|kitchen,1,7,3,4,2,false,true,2|4|7,1|3|5|6,U|I|I,F,I,true
fustino,FUSTINO,,it,generic_household|house,1,7,3,4,2,false,true,2|5|7,1|3|4|6,U|I|O,F,O,false
gabbia,GABBIA,,it,house,3,6,3,3,2,false,true,2|5|6,1|3|4,A|I|A,G,A,true
gamberetti,GAMBERETTI,,it,house|kitchen,1,10,4,6,3,false,true,2|5|7|10,1|3|4|6|8|9,A|E|E|I,G,I,true
gamberi,GAMBERI,,it,house|kitchen,1,7,3,4,2,false,true,2|5|7,1|3|4|6,A|E|I,G,I,false
gancio,GANCIO,,it,generic_household|house,1,6,3,3,2,false,true,2|5|6,1|3|4,A|I|O,G,O,false
gancioappendi,GANCIOAPPENDI,,it,bedroom|house,1,13,6,7,5,false,true,2|5|6|7|10|13,1|3|4|8|9|11|12,A|I|O|A|E|I,G,I,true
garage,GARAGE,,it,house,5,6,3,3,2,false,true,2|4|6,1|3|5,A|A|E,G,E,false
garden,GARDEN,,it,generic_household|house,1,6,2,4,2,false,false,2|5,1|3|4|6,A|E,G,N,false
garofano,GAROFANO,,it,house|kitchen,1,8,4,4,3,false,true,2|4|6|8,1|3|5|7,A|O|A|O,G,O,false
garza,GARZA,,it,bathroom|house,3,5,2,3,1,false,true,2|5,1|3|4,A|A,G,A,false
gelatiera,GELATIERA,,it,house|kitchen,3,9,5,4,4,false,true,2|4|6|7|9,1|3|5|8,E|A|I|E|A,G,A,false
gelatina,GELATINA,,it,house|kitchen,1,8,4,4,3,false,true,2|4|6|8,1|3|5|7,E|A|I|A,G,A,false
gelato,GELATO,,it,house|kitchen,5,6,3,3,2,false,true,2|4|6,1|3|5,E|A|O,G,O,false
gesso,GESSO,,it,office,3,5,2,3,1,false,true,2|5,1|3|4,E|O,G,O,true
ghiacciaia,GHIACCIAIA,,it,generic_household|house,1,10,6,4,5,false,true,3|4|7|8|9|10,1|2|5|6,I|A|I|A|I|A,G,A,true
ghiaccio,GHIACCIO,,it,house|kitchen,1,8,4,4,3,false,true,3|4|7|8,1|2|5|6,I|A|I|O,G,O,true
ghirlanda,GHIRLANDA,,it,bedroom|house|living_room,1,9,3,6,2,false,true,3|6|9,1|2|4|5|7|8,I|A|A,G,A,false
giacca,GIACCA,,it,bedroom|house,5,6,3,3,2,false,true,2|3|6,1|4|5,I|A|A,G,A,true
giardiniera,GIARDINIERA,,it,house|kitchen,1,11,6,5,5,false,true,2|3|6|8|9|11,1|4|5|7|10,I|A|I|I|E|A,G,A,false
giardino,GIARDINO,,it,house,1,8,4,4,3,false,true,2|3|6|8,1|4|5|7,I|A|I|O,G,O,false
ginseng,GINSENG,,it,house|kitchen,1,7,2,5,2,false,false,2|5,1|3|4|6|7,I|E,G,G,false
giradischi,GIRADISCHI,,it,house|living_room|office,3,10,4,6,3,false,true,2|4|6|10,1|3|5|7|8|9,I|A|I|I,G,I,false
girarrosto,GIRARROSTO,,it,generic_household|house,1,10,4,6,3,false,true,2|4|7|10,1|3|5|6|8|9,I|A|O|O,G,O,true
girello,GIRELLO,,it,house,3,7,3,4,2,false,true,2|4|7,1|3|5|6,I|E|O,G,O,true
giubbino,GIUBBINO,,it,bedroom|house,1,8,4,4,3,false,true,2|3|6|8,1|4|5|7,I|U|I|O,G,O,true
giubbotto,GIUBBOTTO,,it,bedroom|house,5,9,4,5,3,false,true,2|3|6|9,1|4|5|7|8,I|U|O|O,G,O,true
gnocchi,GNOCCHI,,it,house|kitchen,5,7,2,5,1,false,true,3|7,1|2|4|5|6,O|I,G,I,true
gocciolatoio,GOCCIOLATOIO,,it,generic_household|house,1,12,7,5,6,false,true,2|5|6|8|10|11|12,1|3|4|7|9,O|I|O|A|O|I|O,G,O,true
gomitolo,GOMITOLO,,it,house,3,8,4,4,3,false,true,2|4|6|8,1|3|5|7,O|I|O|O,G,O,false
gomma,GOMMA,,it,house|office,5,5,2,3,1,false,true,2|5,1|3|4,O|A,G,A,true
gonna,GONNA,,it,bedroom|house,5,5,2,3,1,false,true,2|5,1|3|4,O|A,G,A,true
gorgonzola,GORGONZOLA,,it,house|kitchen,1,10,4,6,3,false,true,2|5|8|10,1|3|4|6|7|9,O|O|O|A,G,A,false
graffetta,GRAFFETTA,,it,generic_household|office,3,9,3,6,2,false,true,3|6|9,1|2|4|5|7|8,A|E|A,G,A,true
grana,GRANA,,it,house|kitchen,1,5,2,3,1,false,true,3|5,1|2|4,A|A,G,A,false
granitore,GRANITORE,,it,house|kitchen,1,9,4,5,3,false,true,3|5|7|9,1|2|4|6|8,A|I|O|E,G,E,false
grattugia,GRATTUGIA,,it,house|kitchen,3,9,4,5,3,false,true,3|6|8|9,1|2|4|5|7,A|U|I|A,G,A,true
grembiule,GREMBIULE,,it,bedroom|house,3,9,4,5,3,false,true,3|6|7|9,1|2|4|5|8,E|I|U|E,G,E,false
griglia,GRIGLIA,,it,house|kitchen,1,7,3,4,2,false,true,3|6|7,1|2|4|5,I|I|A,G,A,false
grissini,GRISSINI,,it,house|kitchen,1,8,3,5,2,false,true,3|6|8,1|2|4|5|7,I|I|I,G,I,true
grondaia,GRONDAIA,,it,generic_household|house,1,8,4,4,3,false,true,3|6|7|8,1|2|4|5,O|A|I|A,G,A,false
gruccia,GRUCCIA,,it,bedroom|house,5,7,3,4,2,false,true,3|6|7,1|2|4|5,U|I|A,G,A,true
guanciale,GUANCIALE,,it,bedroom|house,1,9,5,4,4,false,true,2|3|6|7|9,1|4|5|8,U|A|I|A|E,G,E,false
guanti,GUANTI,,it,bathroom|bedroom|generic_household|house,5,6,3,3,2,false,true,2|3|6,1|4|5,U|A|I,G,I,false
guantidaltex,GUANTIDALTEX,,it,house|kitchen,1,12,5,7,5,false,false,2|3|6|8|11,1|4|5|7|9|10|12,U|A|I|A|E,G,X,false
guantiforno,GUANTIFORNO,,it,house|kitchen,1,11,5,6,4,false,true,2|3|6|8|11,1|4|5|7|9|10,U|A|I|O|O,G,O,false
guantilattice,GUANTILATTICE,,it,bathroom|house,1,13,6,7,5,false,true,2|3|6|8|11|13,1|4|5|7|9|10|12,U|A|I|A|I|E,G,E,true
guanto,GUANTO,,it,bedroom|house,1,6,3,3,2,false,true,2|3|6,1|4|5,U|A|O,G,O,false
guantoforno,GUANTOFORNO,,it,house|kitchen,1,11,5,6,4,false,true,2|3|6|8|11,1|4|5|7|9|10,U|A|O|O|O,G,O,false
guardaroba,GUARDAROBA,,it,bedroom|house,5,10,5,5,4,false,true,2|3|6|8|10,1|4|5|7|9,U|A|A|O|A,G,A,false
guinzaglio,GUINZAGLIO,,it,house,3,10,5,5,4,false,true,2|3|6|9|10,1|4|5|7|8,U|I|A|I|O,G,O,false
hamburger,HAMBURGER,,it,house|kitchen,1,9,3,6,3,false,false,2|5|8,1|3|4|6|7|9,A|U|E,H,R,false
household,HOUSEHOLD,,it,generic_household|house,1,9,4,5,4,false,false,2|3|5|7,1|4|6|8|9,O|U|E|O,H,D,false
imbuto,IMBUTO,,it,house|kitchen,3,6,3,3,1,true,true,1|4|6,2|3|5,I|U|O,I,O,false
impastatrice,IMPASTATRICE,,it,house|kitchen,3,12,5,7,3,true,true,1|4|7|10|12,2|3|5|6|8|9|11,I|A|A|I|E,I,E,false
impermeabile,IMPERMEABILE,,it,bedroom|house,5,12,6,6,4,true,true,1|4|7|8|10|12,2|3|5|6|9|11,I|E|E|A|I|E,I,E,false
infradito,INFRADITO,,it,bedroom|house,3,9,4,5,2,true,true,1|5|7|9,2|3|4|6|8,I|A|I|O,I,O,false
infuso,INFUSO,,it,house|kitchen,1,6,3,3,1,true,true,1|4|6,2|3|5,I|U|O,I,O,false
ingresso,INGRESSO,,it,house,1,8,3,5,1,true,true,1|5|8,2|3|4|6|7,I|E|O,I,O,true
innaffiatoio,INNAFFIATOIO,,it,generic_household|house,1,12,7,5,5,true,true,1|4|7|8|10|11|12,2|3|5|6|9,I|A|I|A|O|I|O,I,O,true
insalata,INSALATA,,it,house|kitchen,5,8,4,4,2,true,true,1|4|6|8,2|3|5|7,I|A|A|A,I,A,false
insalatiera,INSALATIERA,,it,house|kitchen,3,11,6,5,4,true,true,1|4|6|8|9|11,2|3|5|7|10,I|A|A|I|E|A,I,A,false
interruttore,INTERRUTTORE,,it,generic_household|house|office,5,12,5,7,3,true,true,1|4|7|10|12,2|3|5|6|8|9|11,I|E|U|O|E,I,E,true
interruttoreluce,INTERRUTTORELUCE,,it,house|kitchen,1,16,7,9,5,true,true,1|4|7|10|12|14|16,2|3|5|6|8|9|11|13|15,I|E|U|O|E|U|E,I,E,true
italian,ITALIAN,,it,generic_household|house,1,7,4,3,3,true,false,1|3|5|6,2|4|7,I|A|I|A,I,N,false
ketchup,KETCHUP,,it,house|kitchen,5,7,2,5,2,false,false,2|6,1|3|4|5|7,E|U,K,P,false
kettle,KETTLE,,it,generic_household|house,1,6,2,4,1,false,true,2|6,1|3|4|5,E|E,K,E,true
kiwi,KIWI,,it,house|kitchen,1,4,2,2,1,false,true,2|4,1|3,I|I,K,I,false
lampada,LAMPADA,,it,bedroom|house|living_room|office,5,7,3,4,2,false,true,2|5|7,1|3|4|6,A|A|A,L,A,false
lampadada,LAMPADADA,,it,house|living_room,1,9,4,5,3,false,true,2|5|7|9,1|3|4|6|8,A|A|A|A,L,A,false
lampadaled,LAMPADALED,,it,house|living_room,1,10,4,6,4,false,false,2|5|7|9,1|3|4|6|8|10,A|A|A|E,L,D,false
lampadario,LAMPADARIO,,it,house|kitchen|living_room|office,5,10,5,5,4,false,true,2|5|7|9|10,1|3|4|6|8,A|A|A|I|O,L,O,false
lampadina,LAMPADINA,,it,house|office,5,9,4,5,3,false,true,2|5|7|9,1|3|4|6|8,A|A|I|A,L,A,false
lampioncino,LAMPIONCINO,,it,generic_household|house,1,11,5,6,4,false,true,2|5|6|9|11,1|3|4|7|8|10,A|I|O|I|O,L,O,false
lamponi,LAMPONI,,it,house|kitchen,1,7,3,4,2,false,true,2|5|7,1|3|4|6,A|O|I,L,I,false
lanterna,LANTERNA,,it,generic_household|house|office,3,8,3,5,2,false,true,2|5|8,1|3|4|6|7,A|E|A,L,A,false
lasagna,LASAGNA,,it,house|kitchen,1,7,3,4,2,false,true,2|4|7,1|3|5|6,A|A|A,L,A,false
latte,LATTE,,it,house|kitchen,3,5,2,3,1,false,true,2|5,1|3|4,A|E,L,E,true
lattemacchiato,LATTEMACCHIATO,,it,house|kitchen,1,14,6,8,5,false,true,2|5|7|11|12|14,1|3|4|6|8|9|10|13,A|E|A|I|A|O,L,O,true
lattina,LATTINA,,it,house|kitchen,3,7,3,4,2,false,true,2|5|7,1|3|4|6,A|I|A,L,A,true
lattuga,LATTUGA,,it,house|kitchen,1,7,3,4,2,false,true,2|5|7,1|3|4|6,A|U|A,L,A,true
lavabo,LAVABO,,it,generic_household|house,1,6,3,3,2,false,true,2|4|6,1|3|5,A|A|O,L,O,false
lavagna,LAVAGNA,,it,office,3,7,3,4,2,false,true,2|4|7,1|3|5|6,A|A|A,L,A,false
lavagnetta,LAVAGNETTA,,it,house|office,1,10,4,6,3,false,true,2|4|7|10,1|3|5|6|8|9,A|A|E|A,L,A,true
lavanderia,LAVANDERIA,,it,house,1,10,5,5,4,false,true,2|4|7|9|10,1|3|5|6|8,A|A|E|I|A,L,A,false
lavandino,LAVANDINO,,it,bathroom|house|kitchen,5,9,4,5,3,false,true,2|4|7|9,1|3|5|6|8,A|A|I|O,L,O,false
lavapavimenti,LAVAPAVIMENTI,,it,bathroom|house,3,13,6,7,5,false,true,2|4|6|8|10|13,1|3|5|7|9|11|12,A|A|A|I|E|I,L,I,false
lavasciuga,LAVASCIUGA,,it,bathroom|house,1,10,5,5,4,false,true,2|4|7|8|10,1|3|5|6|9,A|A|I|U|A,L,A,false
lavastoviglie,LAVASTOVIGLIE,,it,house|kitchen,5,13,6,7,5,false,true,2|4|7|9|12|13,1|3|5|6|8|10|11,A|A|O|I|I|E,L,E,false
lavatrice,LAVATRICE,,it,bathroom|house,5,9,4,5,3,false,true,2|4|7|9,1|3|5|6|8,A|A|I|E,L,E,false
leggio,LEGGIO,,it,bedroom|house,1,6,3,3,2,false,true,2|5|6,1|3|4,E|I|O,L,O,true
legno,LEGNO,,it,house|kitchen,1,5,2,3,1,false,true,2|5,1|3|4,E|O,L,O,false
lenticchie,LENTICCHIE,,it,house|kitchen,1,10,4,6,3,false,true,2|5|9|10,1|3|4|6|7|8,E|I|I|E,L,E,true
lentiggini,LENTIGGINI,,it,generic_household|house,1,10,4,6,3,false,true,2|5|8|10,1|3|4|6|7|9,E|I|I|I,L,I,true
lenzuola,LENZUOLA,,it,bedroom|house,1,8,4,4,3,false,true,2|5|6|8,1|3|4|7,E|U|O|A,L,A,false
lenzuolo,LENZUOLO,,it,bedroom|house,5,8,4,4,3,false,true,2|5|6|8,1|3|4|7,E|U|O|O,L,O,false
lettiera,LETTIERA,,it,house,3,8,4,4,3,false,true,2|5|6|8,1|3|4|7,E|I|E|A,L,A,true
lettino,LETTINO,,it,bedroom|house,1,7,3,4,2,false,true,2|5|7,1|3|4|6,E|I|O,L,O,true
letto,LETTO,,it,bedroom|house,5,5,2,3,1,false,true,2|5,1|3|4,E|O,L,O,true
levatappi,LEVATAPPI,,it,house|kitchen,1,9,4,5,3,false,true,2|4|6|9,1|3|5|7|8,E|A|A|I,L,I,true
libreria,LIBRERIA,,it,bedroom|house|living_room,5,8,4,4,3,false,true,2|5|7|8,1|3|4|6,I|E|I|A,L,A,false
libreriaangolare,LIBRERIAANGOLARE,,it,house|living_room,1,16,8,8,7,false,true,2|5|7|8|9|12|14|16,1|3|4|6|10|11|13|15,I|E|I|A|A|O|A|E,L,E,true
libro,LIBRO,,it,office,5,5,2,3,1,false,true,2|5,1|3|4,I|O,L,O,false
lievito,LIEVITO,,it,house|kitchen,3,7,4,3,3,false,true,2|3|5|7,1|4|6,I|E|I|O,L,O,false
lievitodibirra,LIEVITODIBIRRA,,it,house|kitchen,1,14,7,7,6,false,true,2|3|5|7|9|11|14,1|4|6|8|10|12|13,I|E|I|O|I|I|A,L,A,true
lievitoperdolci,LIEVITOPERDOLCI,,it,house|kitchen,1,15,7,8,6,false,true,2|3|5|7|9|12|15,1|4|6|8|10|11|13|14,I|E|I|O|E|O|I,L,I,false
lighting,LIGHTING,,it,generic_household|house,1,8,2,6,2,false,false,2|6,1|3|4|5|7|8,I|I,L,G,false
lima,LIMA,,it,generic_household|house,1,4,2,2,1,false,true,2|4,1|3,I|A,L,A,false
limetta,LIMETTA,,it,bathroom|house,3,7,3,4,2,false,true,2|4|7,1|3|5|6,I|E|A,L,A,true
limonata,LIMONATA,,it,house|kitchen,1,8,4,4,3,false,true,2|4|6|8,1|3|5|7,I|O|A|A,L,A,false
limone,LIMONE,,it,house|kitchen,5,6,3,3,2,false,true,2|4|6,1|3|5,I|O|E,L,E,false
linguine,LINGUINE,,it,house|kitchen,1,8,4,4,3,false,true,2|5|6|8,1|3|4|7,I|U|I|E,L,E,false
livella,LIVELLA,,it,generic_household|house,3,7,3,4,2,false,true,2|4|7,1|3|5|6,I|E|A,L,A,true
living,LIVING,,it,generic_household|house,1,6,2,4,2,false,false,2|4,1|3|5|6,I|I,L,G,false
loofah,LOOFAH,,it,bathroom|house,1,6,3,3,3,false,false,2|3|5,1|4|6,O|O|A,L,H,true
lucchetto,LUCCHETTO,,it,generic_household|house,5,9,3,6,2,false,true,2|6|9,1|3|4|5|7|8,U|E|O,L,O,true
luce,LUCE,,it,house|living_room|office,5,4,2,2,1,false,true,2|4,1|3,U|E,L,E,false
lucernario,LUCERNARIO,,it,generic_household|house,1,10,5,5,4,false,true,2|4|7|9|10,1|3|5|6|8,U|E|A|I|O,L,O,false
lucidalabbra,LUCIDALABBRA,,it,generic_household|house,1,12,5,7,4,false,true,2|4|6|8|12,1|3|5|7|9|10|11,U|I|A|A|A,L,A,true
lucidante,LUCIDANTE,,it,bathroom|house,3,9,4,5,3,false,true,2|4|6|9,1|3|5|7|8,U|I|A|E,L,E,false
lucidascarpe,LUCIDASCARPE,,it,bedroom|house,1,12,5,7,4,false,true,2|4|6|9|12,1|3|5|7|8|10|11,U|I|A|A|E,L,E,false
macchiato,MACCHIATO,,it,house|kitchen,1,9,4,5,3,false,true,2|6|7|9,1|3|4|5|8,A|I|A|O,M,O,true
macchinalatte,MACCHINALATTE,,it,house|kitchen,1,13,5,8,4,false,true,2|6|8|10|13,1|3|4|5|7|9|11|12,A|I|A|A|E,M,E,true
macinacafe,MACINACAFE,,it,house|kitchen,1,10,5,5,4,false,true,2|4|6|8|10,1|3|5|7|9,A|I|A|A|E,M,E,false
macinacaffe,MACINACAFFE,,it,house|kitchen,3,11,5,6,4,false,true,2|4|6|8|11,1|3|5|7|9|10,A|I|A|A|E,M,E,true
macinamais,MACINAMAIS,,it,house|kitchen,1,10,5,5,5,false,false,2|4|6|8|9,1|3|5|7|10,A|I|A|A|I,M,S,false
macinapepe,MACINAPEPE,,it,house|kitchen,1,10,5,5,4,false,true,2|4|6|8|10,1|3|5|7|9,A|I|A|E|E,M,E,false
macinasale,MACINASALE,,it,house|kitchen,1,10,5,5,4,false,true,2|4|6|8|10,1|3|5|7|9,A|I|A|A|E,M,E,false
madia,MADIA,,it,bedroom|house|living_room,3,5,3,2,2,false,true,2|4|5,1|3,A|I|A,M,A,false
maglia,MAGLIA,,it,bedroom|house,1,6,3,3,2,false,true,2|5|6,1|3|4,A|I|A,M,A,false
maglietta,MAGLIETTA,,it,bedroom|house,5,9,4,5,3,false,true,2|5|6|9,1|3|4|7|8,A|I|E|A,M,A,true
maglione,MAGLIONE,,it,bedroom|house,5,8,4,4,3,false,true,2|5|6|8,1|3|4|7,A|I|O|E,M,E,false
maionese,MAIONESE,,it,house|kitchen,5,8,5,3,4,false,true,2|3|4|6|8,1|5|7,A|I|O|E|E,M,E,false
mais,MAIS,,it,house|kitchen,1,4,2,2,2,false,false,2|3,1|4,A|I,M,S,false
mandarina,MANDARINA,,it,generic_household|house,1,9,4,5,3,false,true,2|5|7|9,1|3|4|6|8,A|A|I|A,M,A,false
mandarino,MANDARINO,,it,generic_household|house,1,9,4,5,3,false,true,2|5|7|9,1|3|4|6|8,A|A|I|O,M,O,false
mandolina,MANDOLINA,,it,house|kitchen,1,9,4,5,3,false,true,2|5|7|9,1|3|4|6|8,A|O|I|A,M,A,false
mandorla,MANDORLA,,it,house|kitchen,1,8,3,5,2,false,true,2|5|8,1|3|4|6|7,A|O|A,M,A,false
mandorle,MANDORLE,,it,house|kitchen,1,8,3,5,2,false,true,2|5|8,1|3|4|6|7,A|O|E,M,E,false
mangiapannolini,MANGIAPANNOLINI,,it,house,3,15,7,8,6,false,true,2|5|6|8|11|13|15,1|3|4|7|9|10|12|14,A|I|A|A|O|I|I,M,I,true
mango,MANGO,,it,house|kitchen,1,5,2,3,1,false,true,2|5,1|3|4,A|O,M,O,false
maniglia,MANIGLIA,,it,generic_household|house|office,5,8,4,4,3,false,true,2|4|7|8,1|3|5|6,A|I|I|A,M,A,false
mansarda,MANSARDA,,it,house,1,8,3,5,2,false,true,2|5|8,1|3|4|6|7,A|A|A,M,A,false
mantella,MANTELLA,,it,bedroom|house,3,8,3,5,2,false,true,2|5|8,1|3|4|6|7,A|E|A,M,A,true
mappa,MAPPA,,it,office,3,5,2,3,1,false,true,2|5,1|3|4,A|A,M,A,true
mappamondo,MAPPAMONDO,,it,bedroom|house|living_room,1,10,4,6,3,false,true,2|5|7|10,1|3|4|6|8|9,A|A|O|O,M,O,true
marmellata,MARMELLATA,,it,house|kitchen,3,10,4,6,3,false,true,2|5|8|10,1|3|4|6|7|9,A|E|A|A,M,A,true
marsupio,MARSUPIO,,it,bedroom|house,3,8,4,4,3,false,true,2|5|7|8,1|3|4|6,A|U|I|O,M,O,false
martello,MARTELLO,,it,generic_household|house,5,8,3,5,2,false,true,2|5|8,1|3|4|6|7,A|E|O,M,O,true
mascara,MASCARA,,it,bathroom|bedroom|house,3,7,3,4,2,false,true,2|5|7,1|3|4|6,A|A|A,M,A,false
mascarpone,MASCARPONE,,it,house|kitchen,1,10,4,6,3,false,true,2|5|8|10,1|3|4|6|7|9,A|A|O|E,M,E,false
mascherina,MASCHERINA,,it,bathroom|house,1,10,4,6,3,false,true,2|6|8|10,1|3|4|5|7|9,A|E|I|A,M,A,false
materasso,MATERASSO,,it,bedroom|house,5,9,4,5,3,false,true,2|4|6|9,1|3|5|7|8,A|E|A|O,M,O,true
matita,MATITA,,it,house|office,5,6,3,3,2,false,true,2|4|6,1|3|5,A|I|A,M,A,false
mattarello,MATTARELLO,,it,house|kitchen,1,10,4,6,3,false,true,2|5|7|10,1|3|4|6|8|9,A|A|E|O,M,O,true
matterello,MATTERELLO,,it,house|kitchen,3,10,4,6,3,false,true,2|5|7|10,1|3|4|6|8|9,A|E|E|O,M,O,true
mazzuolo,MAZZUOLO,,it,generic_household|house,1,8,4,4,3,false,true,2|5|6|8,1|3|4|7,A|U|O|O,M,O,true
mela,MELA,,it,house|kitchen,5,4,2,2,1,false,true,2|4,1|3,E|A,M,A,false
melanzana,MELANZANA,,it,house|kitchen,5,9,4,5,3,false,true,2|4|7|9,1|3|5|6|8,E|A|A|A,M,A,false
melone,MELONE,,it,house|kitchen,5,6,3,3,2,false,true,2|4|6,1|3|5,E|O|E,M,E,false
mensola,MENSOLA,,it,bedroom|house|living_room,5,7,3,4,2,false,true,2|5|7,1|3|4|6,E|O|A,M,A,false
mensolaangolare,MENSOLAANGOLARE,,it,house|living_room,1,15,7,8,6,false,true,2|5|7|8|11|13|15,1|3|4|6|9|10|12|14,E|O|A|A|O|A|E,M,E,true
mensolabagno,MENSOLABAGNO,,it,bathroom|house,1,12,5,7,4,false,true,2|5|7|9|12,1|3|4|6|8|10|11,E|O|A|A|O,M,O,false
merluzzo,MERLUZZO,,it,house|kitchen,1,8,3,5,2,false,true,2|5|8,1|3|4|6|7,E|U|O,M,O,true
mestolino,MESTOLINO,,it,house|kitchen,1,9,4,5,3,false,true,2|5|7|9,1|3|4|6|8,E|O|I|O,M,O,false
mestolo,MESTOLO,,it,house|kitchen,3,7,3,4,2,false,true,2|5|7,1|3|4|6,E|O|O,M,O,false
mestolona,MESTOLONA,,it,house|kitchen,1,9,4,5,3,false,true,2|5|7|9,1|3|4|6|8,E|O|O|A,M,A,false
metro,METRO,,it,generic_household|house,5,5,2,3,1,false,true,2|5,1|3|4,E|O,M,O,false
metronastro,METRONASTRO,,it,generic_household|house,1,11,4,7,3,false,true,2|5|7|11,1|3|4|6|8|9|10,E|O|A|O,M,O,false
mezzaluna,MEZZALUNA,,it,house|kitchen,1,9,4,5,3,false,true,2|5|7|9,1|3|4|6|8,E|A|U|A,M,A,true
microfono,MICROFONO,,it,house,3,9,4,5,3,false,true,2|5|7|9,1|3|4|6|8,I|O|O|O,M,O,false
microonde,MICROONDE,,it,house|kitchen,5,9,4,5,3,false,true,2|5|6|9,1|3|4|7|8,I|O|O|E,M,E,true
miele,MIELE,,it,house|kitchen,5,5,3,2,2,false,true,2|3|5,1|4,I|E|E,M,E,false
millefiori,MILLEFIORI,,it,house|kitchen,1,10,5,5,4,false,true,2|5|7|8|10,1|3|4|6|9,I|E|I|O|I,M,I,true
minestra,MINESTRA,,it,house|kitchen,1,8,3,5,2,false,true,2|4|8,1|3|5|6|7,I|E|A,M,A,false
miniforno,MINIFORNO,,it,house|kitchen,1,9,4,5,3,false,true,2|4|6|9,1|3|5|7|8,I|I|O|O,M,O,false
minipimer,MINIPIMER,,it,generic_household|house,1,9,4,5,4,false,false,2|4|6|8,1|3|5|7|9,I|I|I|E,M,R,false
mirtilli,MIRTILLI,,it,house|kitchen,1,8,3,5,2,false,true,2|5|8,1|3|4|6|7,I|I|I,M,I,true
misc,MISC,,it,generic_household|house,1,4,1,3,1,false,false,2,1|3|4,I,M,C,false
miscelatore,MISCELATORE,,it,bathroom|house,3,11,5,6,4,false,true,2|5|7|9|11,1|3|4|6|8|10,I|E|A|O|E,M,E,false
misurino,MISURINO,,it,house|kitchen,3,8,4,4,3,false,true,2|4|6|8,1|3|5|7,I|U|I|O,M,O,false
mixer,MIXER,,it,house|kitchen,3,5,2,3,2,false,false,2|4,1|3|5,I|E,M,R,false
mobiliobagno,MOBILIOBAGNO,,it,bathroom|house,1,12,6,6,5,false,true,2|4|6|7|9|12,1|3|5|8|10|11,O|I|I|O|A|O,M,O,false
mocassino,MOCASSINO,,it,bedroom|house,1,9,4,5,3,false,true,2|4|7|9,1|3|5|6|8,O|A|I|O,M,O,true
mocio,MOCIO,,it,bathroom|generic_household|house,5,5,3,2,2,false,true,2|4|5,1|3,O|I|O,M,O,false
modem,MODEM,,it,house|office,3,5,2,3,2,false,false,2|4,1|3|5,O|E,M,M,false
moka,MOKA,,it,house|kitchen,5,4,2,2,1,false,true,2|4,1|3,O|A,M,A,false
molletta,MOLLETTA,,it,bathroom|house,3,8,3,5,2,false,true,2|5|8,1|3|4|6|7,O|E|A,M,A,true
mollettone,MOLLETTONE,,it,generic_household|house,1,10,4,6,3,false,true,2|5|8|10,1|3|4|6|7|9,O|E|O|E,M,E,true
mollettoni,MOLLETTONI,,it,bedroom|house,1,10,4,6,3,false,true,2|5|8|10,1|3|4|6|7|9,O|E|O|I,M,I,true
monitor,MONITOR,,it,house|office,5,7,3,4,3,false,false,2|4|6,1|3|5|7,O|I|O,M,R,false
montapanna,MONTAPANNA,,it,house|kitchen,1,10,4,6,3,false,true,2|5|7|10,1|3|4|6|8|9,O|A|A|A,M,A,true
montascale,MONTASCALE,,it,generic_household|house,1,10,4,6,3,false,true,2|5|8|10,1|3|4|6|7|9,O|A|A|E,M,E,false
more,MORE,,it,generic_household|house,1,4,2,2,1,false,true,2|4,1|3,O|E,M,E,false
mortadella,MORTADELLA,,it,generic_household|house,1,10,4,6,3,false,true,2|5|7|10,1|3|4|6|8|9,O|A|E|A,M,A,true
moscata,MOSCATA,,it,house|kitchen,1,7,3,4,2,false,true,2|5|7,1|3|4|6,O|A|A,M,A,false
mostarda,MOSTARDA,,it,house|kitchen,5,8,3,5,2,false,true,2|5|8,1|3|4|6|7,O|A|A,M,A,false
mostly,MOSTLY,,it,generic_household|house,1,6,1,5,1,false,false,2,1|3|4|5|6,O,M,Y,false
mouse,MOUSE,,it,house|office,5,5,3,2,2,false,true,2|3|5,1|4,O|U|E,M,E,false
mozzarella,MOZZARELLA,,it,house|kitchen,5,10,4,6,3,false,true,2|5|7|10,1|3|4|6|8|9,O|A|E|A,M,A,true
muesli,MUESLI,,it,house|kitchen,1,6,3,3,2,false,true,2|3|6,1|4|5,U|E|I,M,I,false
muffin,MUFFIN,,it,house|kitchen,1,6,2,4,2,false,false,2|5,1|3|4|6,U|I,M,N,true
multipresa,MULTIPRESA,,it,generic_household|house|office,1,10,4,6,3,false,true,2|5|8|10,1|3|4|6|7|9,U|I|E|A,M,A,false
muro,MURO,,it,house,5,4,2,2,1,false,true,2|4,1|3,U|O,M,O,false
museruola,MUSERUOLA,,it,house,3,9,5,4,4,false,true,2|4|6|7|9,1|3|5|8,U|E|U|O|A,M,A,false
mutande,MUTANDE,,it,bedroom|house,3,7,3,4,2,false,true,2|4|7,1|3|5|6,U|A|E,M,E,false
mutandine,MUTANDINE,,it,bedroom|house,1,9,4,5,3,false,true,2|4|7|9,1|3|5|6|8,U|A|I|E,M,E,false
nastro,NASTRO,,it,generic_household|house|office,5,6,2,4,1,false,true,2|6,1|3|4|5,A|O,N,O,false
nastroadesivo,NASTROADESIVO,,it,generic_household|house|office,1,13,6,7,5,false,true,2|6|7|9|11|13,1|3|4|5|8|10|12,A|O|A|E|I|O,N,O,false
nastroisolante,NASTROISOLANTE,,it,house|kitchen|office,1,14,6,8,5,false,true,2|6|7|9|11|14,1|3|4|5|8|10|12|13,A|O|I|O|A|E,N,E,false
neon,NEON,,it,house|office,3,4,2,2,2,false,false,2|3,1|4,E|O,N,N,false
nocciola,NOCCIOLA,,it,house|kitchen,1,8,4,4,3,false,true,2|5|6|8,1|3|4|7,O|I|O|A,N,A,true
nocciole,NOCCIOLE,,it,house|kitchen,1,8,4,4,3,false,true,2|5|6|8,1|3|4|7,O|I|O|E,N,E,true
noce,NOCE,,it,house|kitchen,1,4,2,2,1,false,true,2|4,1|3,O|E,N,E,false
nocemoscata,NOCEMOSCATA,,it,house|kitchen,1,11,5,6,4,false,true,2|4|6|9|11,1|3|5|7|8|10,O|E|O|A|A,N,A,false
nutella,NUTELLA,,it,house|kitchen,1,7,3,4,2,false,true,2|4|7,1|3|5|6,U|E|A,N,A,true
occhiali,OCCHIALI,,it,bedroom|generic_household|house,5,8,4,4,2,true,true,1|5|6|8,2|3|4|7,O|I|A|I,O,I,true
occhialidasole,OCCHIALIDASOLE,,it,generic_household|house,1,14,7,7,5,true,true,1|5|6|8|10|12|14,2|3|4|7|9|11|13,O|I|A|I|A|O|E,O,E,true
office,OFFICE,,it,generic_household|house,1,6,3,3,1,true,true,1|4|6,2|3|5,O|I|E,O,E,true
olezzatore,OLEZZATORE,,it,house|living_room,1,10,5,5,3,true,true,1|3|6|8|10,2|4|5|7|9,O|E|A|O|E,O,E,true
oliera,OLIERA,,it,house|kitchen,3,6,4,2,2,true,true,1|3|4|6,2|5,O|I|E|A,O,A,false
olio,OLIO,,it,house|kitchen,5,4,3,1,1,true,true,1|3|4,2,O|I|O,O,O,false
olioevo,OLIOEVO,,it,house|kitchen,1,7,5,2,3,true,true,1|3|4|5|7,2|6,O|I|O|E|O,O,O,false
oliosemi,OLIOSEMI,,it,house|kitchen,1,8,5,3,3,true,true,1|3|4|6|8,2|5|7,O|I|O|E|I,O,I,false
oliva,OLIVA,,it,house|kitchen,3,5,3,2,1,true,true,1|3|5,2|4,O|I|A,O,A,false
olive,OLIVE,,it,house|kitchen,1,5,3,2,1,true,true,1|3|5,2|4,O|I|E,O,E,false
ombrello,OMBRELLO,,it,bedroom|generic_household|house,3,8,3,5,1,true,true,1|5|8,2|3|4|6|7,O|E|O,O,O,true
ombrellone,OMBRELLONE,,it,bedroom|generic_household|house,1,10,4,6,2,true,true,1|5|8|10,2|3|4|6|7|9,O|E|O|E,O,E,true
ombretto,OMBRETTO,,it,bathroom|bedroom|house,3,8,3,5,1,true,true,1|5|8,2|3|4|6|7,O|E|O,O,O,true
orecchino,ORECCHINO,,it,bedroom|house,5,9,4,5,2,true,true,1|3|7|9,2|4|5|6|8,O|E|I|O,O,O,true
origano,ORIGANO,,it,house|kitchen,3,7,4,3,2,true,true,1|3|5|7,2|4|6,O|I|A|O,O,O,false
orologio,OROLOGIO,,it,bedroom|house|living_room|office,5,8,5,3,3,true,true,1|3|5|7|8,2|4|6,O|O|O|I|O,O,O,false
orzo,ORZO,,it,house|kitchen,1,4,2,2,0,true,true,1|4,2|3,O|O,O,O,false
ottomana,OTTOMANA,,it,house|living_room|office,3,8,4,4,2,true,true,1|4|6|8,2|3|5|7,O|O|A|A,O,A,true
outdoor,OUTDOOR,,it,generic_household|house,1,7,4,3,3,true,false,1|2|5|6,3|4|7,O|U|O|O,O,R,true
padella,PADELLA,,it,house|kitchen,5,7,3,4,2,false,true,2|4|7,1|3|5|6,A|E|A,P,A,true
padellino,PADELLINO,,it,house|kitchen,1,9,4,5,3,false,true,2|4|7|9,1|3|5|6|8,A|E|I|O,P,O,true
padellone,PADELLONE,,it,house|kitchen,1,9,4,5,3,false,true,2|4|7|9,1|3|5|6|8,A|E|O|E,P,E,true
paglietta,PAGLIETTA,,it,bathroom|house|kitchen,3,9,4,5,3,false,true,2|5|6|9,1|3|4|7|8,A|I|E|A,P,A,true
paiolo,PAIOLO,,it,house|kitchen,3,6,4,2,3,false,true,2|3|4|6,1|5,A|I|O|O,P,O,false
pala,PALA,,it,generic_household|house,1,4,2,2,1,false,true,2|4,1|3,A|A,P,A,false
paletta,PALETTA,,it,bathroom|generic_household|house,3,7,3,4,2,false,true,2|4|7,1|3|5|6,A|E|A,P,A,true
panca,PANCA,,it,house|living_room|office,5,5,2,3,1,false,true,2|5,1|3|4,A|A,P,A,false
panchetta,PANCHETTA,,it,house|living_room|office,3,9,3,6,2,false,true,2|6|9,1|3|4|5|7|8,A|E|A,P,A,true
pane,PANE,,it,house|kitchen,5,4,2,2,1,false,true,2|4,1|3,A|E,P,E,false
pangrattato,PANGRATTATO,,it,house|kitchen,5,11,4,7,3,false,true,2|6|9|11,1|3|4|5|7|8|10,A|A|A|O,P,O,true
panino,PANINO,,it,house|kitchen,1,6,3,3,2,false,true,2|4|6,1|3|5,A|I|O,P,O,false
panna,PANNA,,it,house|kitchen,5,5,2,3,1,false,true,2|5,1|3|4,A|A,P,A,true
pannaacuocere,PANNAACUOCERE,,it,house|kitchen,1,13,7,6,6,false,true,2|5|6|8|9|11|13,1|3|4|7|10|12,A|A|A|U|O|E|E,P,E,true
pannacotta,PANNACOTTA,,it,house|kitchen,1,10,4,6,3,false,true,2|5|7|10,1|3|4|6|8|9,A|A|O|A,P,A,true
panno,PANNO,,it,bathroom|generic_household|house,1,5,2,3,1,false,true,2|5,1|3|4,A|O,P,O,true
pannolino,PANNOLINO,,it,house,5,9,4,5,3,false,true,2|5|7|9,1|3|4|6|8,A|O|I|O,P,O,true
pannomicrofibra,PANNOMICROFIBRA,,it,house|kitchen,1,15,6,9,5,false,true,2|5|7|10|12|15,1|3|4|6|8|9|11|13|14,A|O|I|O|I|A,P,A,true
pantaloncini,PANTALONCINI,,it,bedroom|house,1,12,5,7,4,false,true,2|5|7|10|12,1|3|4|6|8|9|11,A|A|O|I|I,P,I,false
pantaloni,PANTALONI,,it,bedroom|house,5,9,4,5,3,false,true,2|5|7|9,1|3|4|6|8,A|A|O|I,P,I,false
pantofola,PANTOFOLA,,it,bedroom|house,5,9,4,5,3,false,true,2|5|7|9,1|3|4|6|8,A|O|O|A,P,A,false
paprika,PAPRIKA,,it,house|kitchen,1,7,3,4,2,false,true,2|5|7,1|3|4|6,A|I|A,P,A,false
parabimbo,PARABIMBO,,it,house,1,9,4,5,3,false,true,2|4|6|9,1|3|5|7|8,A|A|I|O,P,O,false
parabola,PARABOLA,,it,house,1,8,4,4,3,false,true,2|4|6|8,1|3|5|7,A|A|O|A,P,A,false
parabordo,PARABORDO,,it,generic_household|house,1,9,4,5,3,false,true,2|4|6|9,1|3|5|7|8,A|A|O|O,P,O,false
paracolpi,PARACOLPI,,it,house,1,9,4,5,3,false,true,2|4|6|9,1|3|5|7|8,A|A|O|I,P,I,false
paralume,PARALUME,,it,house|office,3,8,4,4,3,false,true,2|4|6|8,1|3|5|7,A|A|U|E,P,E,false
parapetto,PARAPETTO,,it,house|office,3,9,4,5,3,false,true,2|4|6|9,1|3|5|7|8,A|A|E|O,P,O,true
parasole,PARASOLE,,it,generic_household|house,1,8,4,4,3,false,true,2|4|6|8,1|3|5|7,A|A|O|E,P,E,false
paraspruzzi,PARASPRUZZI,,it,generic_household|house,1,11,4,7,3,false,true,2|4|8|11,1|3|5|6|7|9|10,A|A|U|I,P,I,true
paravento,PARAVENTO,,it,office,3,9,4,5,3,false,true,2|4|6|9,1|3|5|7|8,A|A|E|O,P,O,false
parete,PARETE,,it,house|living_room|office,5,6,3,3,2,false,true,2|4|6,1|3|5,A|E|E,P,E,false
parmigiano,PARMIGIANO,,it,house|kitchen,1,10,5,5,4,false,true,2|5|7|8|10,1|3|4|6|9,A|I|I|A|O,P,O,false
passapomodoro,PASSAPOMODORO,,it,house|kitchen,1,13,6,7,5,false,true,2|5|7|9|11|13,1|3|4|6|8|10|12,A|A|O|O|O|O,P,O,true
passata,PASSATA,,it,house|kitchen,5,7,3,4,2,false,true,2|5|7,1|3|4|6,A|A|A,P,A,true
passaverdure,PASSAVERDURE,,it,house|kitchen,3,12,5,7,4,false,true,2|5|7|10|12,1|3|4|6|8|9|11,A|A|E|U|E,P,E,true
passeggino,PASSEGGINO,,it,house,5,10,4,6,3,false,true,2|5|8|10,1|3|4|6|7|9,A|E|I|O,P,O,true
passino,PASSINO,,it,house|kitchen,1,7,3,4,2,false,true,2|5|7,1|3|4|6,A|I|O,P,O,true
pasta,PASTA,,it,house|kitchen,5,5,2,3,1,false,true,2|5,1|3|4,A|A,P,A,false
pastaefagioli,PASTAEFAGIOLI,,it,house|kitchen,1,13,7,6,6,false,true,2|5|6|8|10|11|13,1|3|4|7|9|12,A|A|E|A|I|O|I,P,I,false
pastasciutta,PASTASCIUTTA,,it,house|kitchen,1,12,5,7,4,false,true,2|5|8|9|12,1|3|4|6|7|10|11,A|A|I|U|A,P,A,true
patata,PATATA,,it,house|kitchen,5,6,3,3,2,false,true,2|4|6,1|3|5,A|A|A,P,A,false
pattino,PATTINO,,it,bedroom|house,1,7,3,4,2,false,true,2|5|7,1|3|4|6,A|I|O,P,O,true
pattinoperuccelli,PATTINOPERUCCELLI,,it,house,1,17,7,10,6,false,true,2|5|7|9|11|14|17,1|3|4|6|8|10|12|13|15|16,A|I|O|E|U|E|I,P,I,true
pattumiera,PATTUMIERA,,it,house|kitchen,1,10,5,5,4,false,true,2|5|7|8|10,1|3|4|6|9,A|U|I|E|A,P,A,true
pavimento,PAVIMENTO,,it,house,5,9,4,5,3,false,true,2|4|6|9,1|3|5|7|8,A|I|E|O,P,O,false
pelapatate,PELAPATATE,,it,house|kitchen,3,10,5,5,4,false,true,2|4|6|8|10,1|3|5|7|9,E|A|A|A|E,P,E,false
pelati,PELATI,,it,house|kitchen,1,6,3,3,2,false,true,2|4|6,1|3|5,E|A|I,P,I,false
pelato,PELATO,,it,house|kitchen,1,6,3,3,2,false,true,2|4|6,1|3|5,E|A|O,P,O,false
pellicola,PELLICOLA,,it,house|kitchen,3,9,4,5,3,false,true,2|5|7|9,1|3|4|6|8,E|I|O|A,P,A,true
penna,PENNA,,it,house|office,5,5,2,3,1,false,true,2|5,1|3|4,E|A,P,A,true
pennarello,PENNARELLO,,it,office,3,10,4,6,3,false,true,2|5|7|10,1|3|4|6|8|9,E|A|E|O,P,O,true
penne,PENNE,,it,house|kitchen,1,5,2,3,1,false,true,2|5,1|3|4,E|E,P,E,true
pensile,PENSILE,,it,bathroom|house,1,7,3,4,2,false,true,2|5|7,1|3|4|6,E|I|E,P,E,false
pentola,PENTOLA,,it,house|kitchen,5,7,3,4,2,false,true,2|5|7,1|3|4|6,E|O|A,P,A,false
pentolapressione,PENTOLAPRESSIONE,,it,house|kitchen,1,16,7,9,6,false,true,2|5|7|10|13|14|16,1|3|4|6|8|9|11|12|15,E|O|A|E|I|O|E,P,E,true
pentolino,PENTOLINO,,it,house|kitchen,1,9,4,5,3,false,true,2|5|7|9,1|3|4|6|8,E|O|I|O,P,O,false
pentolone,PENTOLONE,,it,house|kitchen,1,9,4,5,3,false,true,2|5|7|9,1|3|4|6|8,E|O|O|E,P,E,false
pepe,PEPE,,it,house|kitchen,5,4,2,2,1,false,true,2|4,1|3,E|E,P,E,false
peperoncino,PEPERONCINO,,it,house|kitchen,1,11,5,6,4,false,true,2|4|6|9|11,1|3|5|7|8|10,E|E|O|I|O,P,O,false
peperone,PEPERONE,,it,house|kitchen,5,8,4,4,3,false,true,2|4|6|8,1|3|5|7,E|E|O|E,P,E,false
pepiera,PEPIERA,,it,house|kitchen,3,7,4,3,3,false,true,2|4|5|7,1|3|6,E|I|E|A,P,A,false
pera,PERA,,it,house|kitchen,5,4,2,2,1,false,true,2|4,1|3,E|A,P,A,false
perforatrice,PERFORATRICE,,it,house|office,3,12,5,7,4,false,true,2|5|7|10|12,1|3|4|6|8|9|11,E|O|A|I|E,P,E,false
persiana,PERSIANA,,it,generic_household|house|office,5,8,4,4,3,false,true,2|5|6|8,1|3|4|7,E|I|A|A,P,A,false
pesca,PESCA,,it,house|kitchen,5,5,2,3,1,false,true,2|5,1|3|4,E|A,P,A,false
pesce,PESCE,,it,house|kitchen,5,5,2,3,1,false,true,2|5,1|3|4,E|E,P,E,false
pesto,PESTO,,it,house|kitchen,1,5,2,3,1,false,true,2|5,1|3|4,E|O,P,O,false
pets,PETS,,it,generic_household|house,1,4,1,3,1,false,false,2,1|3|4,E,P,S,false
pettine,PETTINE,,it,bathroom|bedroom|house,5,7,3,4,2,false,true,2|5|7,1|3|4|6,E|I|E,P,E,true
pettorina,PETTORINA,,it,house,3,9,4,5,3,false,true,2|5|7|9,1|3|4|6|8,E|O|I|A,P,A,true
phon,PHON,,it,bathroom|house,1,4,1,3,1,false,false,3,1|2|4,O,P,N,false
pianerottolo,PIANEROTTOLO,,it,house,1,12,6,6,5,false,true,2|3|5|7|10|12,1|4|6|8|9|11,I|A|E|O|O|O,P,O,true
pianta,PIANTA,,it,house|living_room|office,5,6,3,3,2,false,true,2|3|6,1|4|5,I|A|A,P,A,false
piantana,PIANTANA,,it,house|living_room|office,3,8,4,4,3,false,true,2|3|6|8,1|4|5|7,I|A|A|A,P,A,false
piastra,PIASTRA,,it,bathroom|house|kitchen,1,7,3,4,2,false,true,2|3|7,1|4|5|6,I|A|A,P,A,false
piastracapelli,PIASTRACAPELLI,,it,bathroom|house,1,14,6,8,5,false,true,2|3|7|9|11|14,1|4|5|6|8|10|12|13,I|A|A|A|E|I,P,I,true
piastracottura,PIASTRACOTTURA,,it,bathroom|house,1,14,6,8,5,false,true,2|3|7|9|12|14,1|4|5|6|8|10|11|13,I|A|A|O|U|A,P,A,true
piattino,PIATTINO,,it,house|kitchen,3,8,4,4,3,false,true,2|3|6|8,1|4|5|7,I|A|I|O,P,O,true
piatto,PIATTO,,it,bathroom|house|kitchen,5,6,3,3,2,false,true,2|3|6,1|4|5,I|A|O,P,O,true
piattodoccia,PIATTODOCCIA,,it,bathroom|house,1,12,6,6,5,false,true,2|3|6|8|11|12,1|4|5|7|9|10,I|A|O|O|I|A,P,A,true
pigiama,PIGIAMA,,it,bedroom|house,5,7,4,3,3,false,true,2|4|5|7,1|3|6,I|I|A|A,P,A,false
piletta,PILETTA,,it,bathroom|house,3,7,3,4,2,false,true,2|4|7,1|3|5|6,I|E|A,P,A,true
pinza,PINZA,,it,generic_household|house,5,5,2,3,1,false,true,2|5,1|3|4,I|A,P,A,false
pinzacucina,PINZACUCINA,,it,house|kitchen,1,11,5,6,4,false,true,2|5|7|9|11,1|3|4|6|8|10,I|A|U|I|A,P,A,false
pinzetta,PINZETTA,,it,bathroom|house,3,8,3,5,2,false,true,2|5|8,1|3|4|6|7,I|E|A,P,A,true
pirottino,PIROTTINO,,it,house|kitchen,1,9,4,5,3,false,true,2|4|7|9,1|3|5|6|8,I|O|I|O,P,O,true
piselli,PISELLI,,it,house|kitchen,1,7,3,4,2,false,true,2|4|7,1|3|5|6,I|E|I,P,I,true
pistacchi,PISTACCHI,,it,house|kitchen,1,9,3,6,2,false,true,2|5|9,1|3|4|6|7|8,I|A|I,P,I,true
pistacchio,PISTACCHIO,,it,house|kitchen,1,10,4,6,3,false,true,2|5|9|10,1|3|4|6|7|8,I|A|I|O,P,O,true
pistola,PISTOLA,,it,generic_household|house,1,7,3,4,2,false,true,2|5|7,1|3|4|6,I|O|A,P,A,false
pistolasilicone,PISTOLASILICONE,,it,generic_household|house,1,15,7,8,6,false,true,2|5|7|9|11|13|15,1|3|4|6|8|10|12|14,I|O|A|I|I|O|E,P,E,false
piumino,PIUMINO,,it,bathroom|bedroom|house,1,7,4,3,3,false,true,2|3|5|7,1|4|6,I|U|I|O,P,O,false
piumone,PIUMONE,,it,bedroom|house,5,7,4,3,3,false,true,2|3|5|7,1|4|6,I|U|O|E,P,E,false
pizza,PIZZA,,it,house|kitchen,5,5,2,3,1,false,true,2|5,1|3|4,I|A,P,A,true
placca,PLACCA,,it,generic_household|house,1,6,2,4,1,false,true,3|6,1|2|4|5,A|A,P,A,true
plafoniera,PLAFONIERA,,it,generic_household|house|office,3,10,5,5,4,false,true,3|5|7|8|10,1|2|4|6|9,A|O|I|E|A,P,A,false
planetaria,PLANETARIA,,it,house|kitchen,1,10,5,5,4,false,true,3|5|7|9|10,1|2|4|6|8,A|E|A|I|A,P,A,false
plastica,PLASTICA,,it,house|kitchen,1,8,3,5,2,false,true,3|6|8,1|2|4|5|7,A|I|A,P,A,false
pluvia,PLUVIA,,it,generic_household|house,1,6,3,3,2,false,true,3|5|6,1|2|4,U|I|A,P,A,false
poggiapiedi,POGGIAPIEDI,,it,office,3,11,6,5,5,false,true,2|5|6|8|9|11,1|3|4|7|10,O|I|A|I|E|I,P,I,true
polenta,POLENTA,,it,house|kitchen,1,7,3,4,2,false,true,2|4|7,1|3|5|6,O|E|A,P,A,false
pollo,POLLO,,it,house|kitchen,5,5,2,3,1,false,true,2|5,1|3|4,O|O,P,O,true
polpette,POLPETTE,,it,house|kitchen,1,8,3,5,2,false,true,2|5|8,1|3|4|6|7,O|E|E,P,E,true
poltrona,POLTRONA,,it,house|living_room|office,3,8,3,5,2,false,true,2|6|8,1|3|4|5|7,O|O|A,P,A,false
poltroncina,POLTRONCINA,,it,house|living_room|office,1,11,4,7,3,false,true,2|6|9|11,1|3|4|5|7|8|10,O|O|I|A,P,A,false
pomodoro,POMODORO,,it,house|kitchen,5,8,4,4,3,false,true,2|4|6|8,1|3|5|7,O|O|O|O,P,O,false
porta,PORTA,,it,generic_household|house|office,5,5,2,3,1,false,true,2|5,1|3|4,O|A,P,A,false
portabicchieri,PORTABICCHIERI,,it,house|kitchen,1,14,6,8,5,false,true,2|5|7|11|12|14,1|3|4|6|8|9|10|13,O|A|I|I|E|I,P,I,true
portabiti,PORTABITI,,it,bedroom|house,1,9,4,5,3,false,true,2|5|7|9,1|3|4|6|8,O|A|I|I,P,I,false
portabottiglie,PORTABOTTIGLIE,,it,house|kitchen,1,14,6,8,5,false,true,2|5|7|10|13|14,1|3|4|6|8|9|11|12,O|A|O|I|I|E,P,E,true
portacalici,PORTACALICI,,it,generic_household|house,1,11,5,6,4,false,true,2|5|7|9|11,1|3|4|6|8|10,O|A|A|I|I,P,I,false
portacarte,PORTACARTE,,it,house|kitchen,1,10,4,6,3,false,true,2|5|7|10,1|3|4|6|8|9,O|A|A|E,P,E,false
portacenere,PORTACENERE,,it,house|kitchen,1,11,5,6,4,false,true,2|5|7|9|11,1|3|4|6|8|10,O|A|E|E|E,P,E,false
portachiavi,PORTACHIAVI,,it,generic_household|house|office,3,11,5,6,4,false,true,2|5|8|9|11,1|3|4|6|7|10,O|A|I|A|I,P,I,false
portacipria,PORTACIPRIA,,it,bathroom|bedroom|house,1,11,5,6,4,false,true,2|5|7|10|11,1|3|4|6|8|9,O|A|I|I|A,P,A,false
portadocumenti,PORTADOCUMENTI,,it,bedroom|house,3,14,6,8,5,false,true,2|5|7|9|11|14,1|3|4|6|8|10|12|13,O|A|O|U|E|I,P,I,false
portafoglio,PORTAFOGLIO,,it,bedroom|generic_household|house,5,11,5,6,4,false,true,2|5|7|10|11,1|3|4|6|8|9,O|A|O|I|O,P,O,false
portafoto,PORTAFOTO,,it,bedroom|house|living_room,3,9,4,5,3,false,true,2|5|7|9,1|3|4|6|8,O|A|O|O,P,O,false
portagioie,PORTAGIOIE,,it,house,3,10,6,4,5,false,true,2|5|7|8|9|10,1|3|4|6,O|A|I|O|I|E,P,E,false
portalampada,PORTALAMPADA,,it,house|office,3,12,5,7,4,false,true,2|5|7|10|12,1|3|4|6|8|9|11,O|A|A|A|A,P,A,false
portamonete,PORTAMONETE,,it,bedroom|generic_household|house,3,11,5,6,4,false,true,2|5|7|9|11,1|3|4|6|8|10,O|A|O|E|E,P,E,false
portaoggetti,PORTAOGGETTI,,it,house,1,12,5,7,4,false,true,2|5|6|9|12,1|3|4|7|8|10|11,O|A|O|E|I,P,I,true
portaombrelli,PORTAOMBRELLI,,it,generic_household|house,1,13,5,8,4,false,true,2|5|6|10|13,1|3|4|7|8|9|11|12,O|A|O|E|I,P,I,true
portapane,PORTAPANE,,it,house|kitchen,1,9,4,5,3,false,true,2|5|7|9,1|3|4|6|8,O|A|A|E,P,E,false
portapenne,PORTAPENNE,,it,office,3,10,4,6,3,false,true,2|5|7|10,1|3|4|6|8|9,O|A|E|E,P,E,true
portapepe,PORTAPEPE,,it,house|kitchen,1,9,4,5,3,false,true,2|5|7|9,1|3|4|6|8,O|A|E|E,P,E,false
portapiatti,PORTAPIATTI,,it,house|kitchen,1,11,5,6,4,false,true,2|5|7|8|11,1|3|4|6|9|10,O|A|I|A|I,P,I,true
portapillole,PORTAPILLOLE,,it,generic_household|house,1,12,5,7,4,false,true,2|5|7|10|12,1|3|4|6|8|9|11,O|A|I|O|E,P,E,true
portaposate,PORTAPOSATE,,it,house|kitchen,1,11,5,6,4,false,true,2|5|7|9|11,1|3|4|6|8|10,O|A|O|A|E,P,E,false
portapranzo,PORTAPRANZO,,it,house|kitchen,1,11,4,7,3,false,true,2|5|8|11,1|3|4|6|7|9|10,O|A|A|O,P,O,false
portariviste,PORTARIVISTE,,it,house|kitchen,1,12,5,7,4,false,true,2|5|7|9|12,1|3|4|6|8|10|11,O|A|I|I|E,P,E,false
portarotoli,PORTAROTOLI,,it,house|kitchen,1,11,5,6,4,false,true,2|5|7|9|11,1|3|4|6|8|10,O|A|O|O|I,P,I,false
portarotolo,PORTAROTOLO,,it,bathroom|house|kitchen,3,11,5,6,4,false,true,2|5|7|9|11,1|3|4|6|8|10,O|A|O|O|O,P,O,false
portasale,PORTASALE,,it,house|kitchen,1,9,4,5,3,false,true,2|5|7|9,1|3|4|6|8,O|A|A|E,P,E,false
portasapone,PORTASAPONE,,it,bathroom|house|kitchen,3,11,5,6,4,false,true,2|5|7|9|11,1|3|4|6|8|10,O|A|A|O|E,P,E,false
portasciugamani,PORTASCIUGAMANI,,it,bathroom|house,3,15,7,8,6,false,true,2|5|8|9|11|13|15,1|3|4|6|7|10|12|14,O|A|I|U|A|A|I,P,I,false
portascope,PORTASCOPE,,it,bathroom|house,1,10,4,6,3,false,true,2|5|8|10,1|3|4|6|7|9,O|A|O|E,P,E,false
portaspazzolino,PORTASPAZZOLINO,,it,bathroom|house,1,15,6,9,5,false,true,2|5|8|11|13|15,1|3|4|6|7|9|10|12|14,O|A|A|O|I|O,P,O,true
portaspezie,PORTASPEZIE,,it,house|kitchen,3,11,5,6,4,false,true,2|5|8|10|11,1|3|4|6|7|9,O|A|E|I|E,P,E,false
portatovaglioli,PORTATOVAGLIOLI,,it,house|kitchen,1,15,7,8,6,false,true,2|5|7|9|12|13|15,1|3|4|6|8|10|11|14,O|A|O|A|I|O|I,P,I,false
portauovo,PORTAUOVO,,it,house|kitchen,3,9,5,4,4,false,true,2|5|6|7|9,1|3|4|8,O|A|U|O|O,P,O,false
portico,PORTICO,,it,house,1,7,3,4,2,false,true,2|5|7,1|3|4|6,O|I|O,P,O,false
posacenere,POSACENERE,,it,house|kitchen,1,10,5,5,4,false,true,2|4|6|8|10,1|3|5|7|9,O|A|E|E|E,P,E,false
posate,POSATE,,it,house|kitchen,1,6,3,3,2,false,true,2|4|6,1|3|5,O|A|E,P,E,false
poster,POSTER,,it,bedroom|house|living_room,3,6,2,4,2,false,false,2|5,1|3|4|6,O|E,P,R,false
pouf,POUF,,it,house|living_room|office,5,4,2,2,2,false,false,2|3,1|4,O|U,P,F,false
pouff,POUFF,,it,house|living_room,1,5,2,3,2,false,false,2|3,1|4|5,O|U,P,F,true
presa,PRESA,,it,generic_household|house|office,5,5,2,3,1,false,true,3|5,1|2|4,E|A,P,A,false
presaforno,PRESAFORNO,,it,house|kitchen,1,10,4,6,3,false,true,3|5|7|10,1|2|4|6|8|9,E|A|O|O,P,O,false
present,PRESENT,,it,generic_household|house,1,7,2,5,2,false,false,3|5,1|2|4|6|7,E|E,P,T,false
presina,PRESINA,,it,bedroom|house|kitchen,3,7,3,4,2,false,true,3|5|7,1|2|4|6,E|I|A,P,A,false
pressa,PRESSA,,it,house|kitchen,1,6,2,4,1,false,true,3|6,1|2|4|5,E|A,P,A,true
prezzemolo,PREZZEMOLO,,it,house|kitchen,5,10,4,6,3,false,true,3|6|8|10,1|2|4|5|7|9,E|E|O|O,P,O,true
profumatore,PROFUMATORE,,it,house|living_room,1,11,5,6,4,false,true,3|5|7|9|11,1|2|4|6|8|10,O|U|A|O|E,P,E,false
profumo,PROFUMO,,it,bathroom|bedroom|house,5,7,3,4,2,false,true,3|5|7,1|2|4|6,O|U|O,P,O,false
proiettore,PROIETTORE,,it,house|living_room|office,3,10,5,5,4,false,true,3|4|5|8|10,1|2|6|7|9,O|I|E|O|E,P,E,true
prolunga,PROLUNGA,,it,generic_household|house|office,5,8,3,5,2,false,true,3|5|8,1|2|4|6|7,O|U|A,P,A,false
prosciutto,PROSCIUTTO,,it,house|kitchen,5,10,4,6,3,false,true,3|6|7|10,1|2|4|5|8|9,O|I|U|O,P,O,true
prosciuttocotto,PROSCIUTTOCOTTO,,it,house|kitchen,1,15,6,9,5,false,true,3|6|7|10|12|15,1|2|4|5|8|9|11|13|14,O|I|U|O|O|O,P,O,true
prosciuttocrudo,PROSCIUTTOCRUDO,,it,house|kitchen,1,15,6,9,5,false,true,3|6|7|10|13|15,1|2|4|5|8|9|11|12|14,O|I|U|O|U|O,P,O,true
puntaspilli,PUNTASPILLI,,it,house,3,11,4,7,3,false,true,2|5|8|11,1|3|4|6|7|9|10,U|A|I|I,P,I,true
puntina,PUNTINA,,it,generic_household|office,3,7,3,4,2,false,true,2|5|7,1|3|4|6,U|I|A,P,A,false
purificatore,PURIFICATORE,,it,house,1,12,6,6,5,false,true,2|4|6|8|10|12,1|3|5|7|9|11,U|I|I|A|O|E,P,E,false
quaderno,QUADERNO,,it,house|office,5,8,4,4,3,false,true,2|3|5|8,1|4|6|7,U|A|E|O,Q,O,false
quadretto,QUADRETTO,,it,generic_household|house,1,9,4,5,3,false,true,2|3|6|9,1|4|5|7|8,U|A|E|O,Q,O,true
quadro,QUADRO,,it,bedroom|house|living_room,3,6,3,3,2,false,true,2|3|6,1|4|5,U|A|O,Q,O,false
quadroelettrico,QUADROELETTRICO,,it,house,1,15,7,8,6,false,true,2|3|6|7|9|13|15,1|4|5|8|10|11|12|14,U|A|O|E|E|I|O,Q,O,true
quinoa,QUINOA,,it,house|kitchen,1,6,4,2,3,false,true,2|3|5|6,1|4,U|I|O|A,Q,A,false
raccoglitore,RACCOGLITORE,,it,bedroom|house|office,1,12,5,7,4,false,true,2|5|8|10|12,1|3|4|6|7|9|11,A|O|I|O|E,R,E,true
raclette,RACLETTE,,it,house|kitchen,1,8,3,5,2,false,true,2|5|8,1|3|4|6|7,A|E|E,R,E,true
radiatore,RADIATORE,,it,generic_household|house|office,3,9,5,4,4,false,true,2|4|5|7|9,1|3|6|8,A|I|A|O|E,R,E,false
radio,RADIO,,it,bedroom|house|kitchen|living_room|office,5,5,3,2,2,false,true,2|4|5,1|3,A|I|O,R,O,false
ragu,RAGU,,it,house|kitchen,1,4,2,2,1,false,true,2|4,1|3,A|U,R,U,false
ramino,RAMINO,,it,generic_household|house,1,6,3,3,2,false,true,2|4|6,1|3|5,A|I|O,R,O,false
raschietto,RASCHIETTO,,it,bathroom|house,1,10,4,6,3,false,true,2|6|7|10,1|3|4|5|8|9,A|I|E|O,R,O,true
rasoio,RASOIO,,it,bathroom|house,5,6,4,2,3,false,true,2|4|5|6,1|3,A|O|I|O,R,O,false
rasoioelettrico,RASOIOELETTRICO,,it,bathroom|house,1,15,8,7,7,false,true,2|4|5|6|7|9|13|15,1|3|8|10|11|12|14,A|O|I|O|E|E|I|O,R,O,true
rastrelliera,RASTRELLIERA,,it,generic_household|house,1,12,5,7,4,false,true,2|6|9|10|12,1|3|4|5|7|8|11,A|E|I|E|A,R,A,true
rastrello,RASTRELLO,,it,generic_household|house,1,9,3,6,2,false,true,2|6|9,1|3|4|5|7|8,A|E|O,R,O,true
ravanelli,RAVANELLI,,it,house|kitchen,1,9,4,5,3,false,true,2|4|6|9,1|3|5|7|8,A|A|E|I,R,I,true
ravioli,RAVIOLI,,it,house|kitchen,1,7,4,3,3,false,true,2|4|5|7,1|3|6,A|I|O|I,R,I,false
reggilibri,REGGILIBRI,,it,generic_household|house,1,10,4,6,3,false,true,2|5|7|10,1|3|4|6|8|9,E|I|I|I,R,I,true
reggiseno,REGGISENO,,it,bedroom|house,1,9,4,5,3,false,true,2|5|7|9,1|3|4|6|8,E|I|E|O,R,O,true
rete,RETE,,it,bedroom|house,1,4,2,2,1,false,true,2|4,1|3,E|E,R,E,false
ricotta,RICOTTA,,it,house|kitchen,1,7,3,4,2,false,true,2|4|7,1|3|5|6,I|O|A,R,A,true
rigatoni,RIGATONI,,it,house|kitchen,1,8,4,4,3,false,true,2|4|6|8,1|3|5|7,I|A|O|I,R,I,false
righello,RIGHELLO,,it,office,3,8,3,5,2,false,true,2|5|8,1|3|4|6|7,I|E|O,R,O,true
ripiano,RIPIANO,,it,bedroom|house|living_room,1,7,4,3,3,false,true,2|4|5|7,1|3|6,I|I|A|O,R,O,false
ripostiglio,RIPOSTIGLIO,,it,house,5,11,5,6,4,false,true,2|4|7|10|11,1|3|5|6|8|9,I|O|I|I|O,R,O,false
risma,RISMA,,it,office,1,5,2,3,1,false,true,2|5,1|3|4,I|A,R,A,false
riso,RISO,,it,house|kitchen,5,4,2,2,1,false,true,2|4,1|3,I|O,R,O,false
risottiera,RISOTTIERA,,it,house|kitchen,3,10,5,5,4,false,true,2|4|7|8|10,1|3|5|6|9,I|O|I|E|A,R,A,true
risotto,RISOTTO,,it,house|kitchen,1,7,3,4,2,false,true,2|4|7,1|3|5|6,I|O|O,R,O,true
robot,ROBOT,,it,house|kitchen,1,5,2,3,2,false,false,2|4,1|3|5,O|O,R,T,false
robotaspirapolvere,ROBOTASPIRAPOLVERE,,it,bathroom|generic_household|house,1,18,8,10,7,false,true,2|4|6|9|11|13|16|18,1|3|5|7|8|10|12|14|15|17,O|O|A|I|A|O|E|E,R,E,false
rocchetto,ROCCHETTO,,it,house,1,9,3,6,2,false,true,2|6|9,1|3|4|5|7|8,O|E|O,R,O,true
rosmarino,ROSMARINO,,it,house|kitchen,3,9,4,5,3,false,true,2|5|7|9,1|3|4|6|8,O|A|I|O,R,O,false
rossetto,ROSSETTO,,it,bathroom|bedroom|house,3,8,3,5,2,false,true,2|5|8,1|3|4|6|7,O|E|O,R,O,true
rosticchiera,ROSTICCHIERA,,it,generic_household|house,1,12,5,7,4,false,true,2|5|9|10|12,1|3|4|6|7|8|11,O|I|I|E|A,R,A,true
rostiera,ROSTIERA,,it,house|kitchen,3,8,4,4,3,false,true,2|5|6|8,1|3|4|7,O|I|E|A,R,A,false
router,ROUTER,,it,house|office,5,6,3,3,3,false,false,2|3|5,1|4|6,O|U|E,R,R,false
rubinetto,RUBINETTO,,it,bathroom|house|kitchen,5,9,4,5,3,false,true,2|4|6|9,1|3|5|7|8,U|I|E|O,R,O,true
rucola,RUCOLA,,it,house|kitchen,1,6,3,3,2,false,true,2|4|6,1|3|5,U|O|A,R,A,false
rullo,RULLO,,it,generic_household|house,1,5,2,3,1,false,true,2|5,1|3|4,U|O,R,O,true
sabbietta,SABBIETTA,,it,house,1,9,4,5,3,false,true,2|5|6|9,1|3|4|7|8,A|I|E|A,S,A,true
sacca,SACCA,,it,bedroom|house,3,5,2,3,1,false,true,2|5,1|3|4,A|A,S,A,true
sacchetti,SACCHETTI,,it,bathroom|house,1,9,3,6,2,false,true,2|6|9,1|3|4|5|7|8,A|E|I,S,I,true
sacchetto,SACCHETTO,,it,generic_household|house,1,9,3,6,2,false,true,2|6|9,1|3|4|5|7|8,A|E|O,S,O,true
sacchettorifiuti,SACCHETTORIFIUTI,,it,bathroom|house|kitchen,1,16,7,9,6,false,true,2|6|9|11|13|14|16,1|3|4|5|7|8|10|12|15,A|E|O|I|I|U|I,S,I,true
sacchi,SACCHI,,it,bathroom|house,1,6,2,4,1,false,true,2|6,1|3|4|5,A|I,S,I,true
sacchibiancheria,SACCHIBIANCHERIA,,it,bathroom|house,1,16,7,9,6,false,true,2|6|8|9|13|15|16,1|3|4|5|7|10|11|12|14,A|I|I|A|E|I|A,S,A,true
salame,SALAME,,it,house|kitchen,1,6,3,3,2,false,true,2|4|6,1|3|5,A|A|E,S,E,false
sale,SALE,,it,house|kitchen,5,4,2,2,1,false,true,2|4,1|3,A|E,S,E,false
saliera,SALIERA,,it,house|kitchen,3,7,4,3,3,false,true,2|4|5|7,1|3|6,A|I|E|A,S,A,false
saliscendi,SALISCENDI,,it,generic_household|house,1,10,4,6,3,false,true,2|4|7|10,1|3|5|6|8|9,A|I|E|I,S,I,false
salmone,SALMONE,,it,house|kitchen,1,7,3,4,2,false,true,2|5|7,1|3|4|6,A|O|E,S,E,false
salotto,SALOTTO,,it,house|living_room,5,7,3,4,2,false,true,2|4|7,1|3|5|6,A|O|O,S,O,true
salsa,SALSA,,it,house|kitchen,1,5,2,3,1,false,true,2|5,1|3|4,A|A,S,A,false
salsasoia,SALSASOIA,,it,house|kitchen,1,9,5,4,4,false,true,2|5|7|8|9,1|3|4|6,A|A|O|I|A,S,A,false
salsiccia,SALSICCIA,,it,house|kitchen,1,9,4,5,3,false,true,2|5|8|9,1|3|4|6|7,A|I|I|A,S,A,true
salsiera,SALSIERA,,it,house|kitchen,1,8,4,4,3,false,true,2|5|6|8,1|3|4|7,A|I|E|A,S,A,false
salvadanaio,SALVADANAIO,,it,bedroom|house,1,11,6,5,5,false,true,2|5|7|9|10|11,1|3|4|6|8,A|A|A|A|I|O,S,O,false
salvia,SALVIA,,it,house|kitchen,3,6,3,3,2,false,true,2|5|6,1|3|4,A|I|A,S,A,false
salvietta,SALVIETTA,,it,bathroom|house,3,9,4,5,3,false,true,2|5|6|9,1|3|4|7|8,A|I|E|A,S,A,true
salviette,SALVIETTE,,it,bathroom|house|kitchen,1,9,4,5,3,false,true,2|5|6|9,1|3|4|7|8,A|I|E|E,S,E,true
sandalo,SANDALO,,it,bedroom|house,3,7,3,4,2,false,true,2|5|7,1|3|4|6,A|A|O,S,O,false
sapone,SAPONE,,it,bathroom|house|kitchen,5,6,3,3,2,false,true,2|4|6,1|3|5,A|O|E,S,E,false
saponetta,SAPONETTA,,it,bathroom|house,1,9,4,5,3,false,true,2|4|6|9,1|3|5|7|8,A|O|E|A,S,A,true
sbattitore,SBATTITORE,,it,generic_household|house,1,10,4,6,3,false,true,3|6|8|10,1|2|4|5|7|9,A|I|O|E,S,E,true
scaffale,SCAFFALE,,it,bedroom|house|living_room,5,8,3,5,2,false,true,3|6|8,1|2|4|5|7,A|A|E,S,E,true
scala,SCALA,,it,generic_household|house,1,5,2,3,1,false,true,3|5,1|2|4,A|A,S,A,false
scalda,SCALDA,,it,bathroom|house,1,6,2,4,1,false,true,3|6,1|2|4|5,A|A,S,A,false
scaldaasciugamani,SCALDAASCIUGAMANI,,it,bathroom|house,3,17,8,9,7,false,true,3|6|7|10|11|13|15|17,1|2|4|5|8|9|12|14|16,A|A|A|I|U|A|A|I,S,I,true
scaldabagno,SCALDABAGNO,,it,bathroom|house,1,11,4,7,3,false,true,3|6|8|11,1|2|4|5|7|9|10,A|A|A|O,S,O,false
scaldabiberon,SCALDABIBERON,,it,house,3,13,5,8,5,false,false,3|6|8|10|12,1|2|4|5|7|9|11|13,A|A|I|E|O,S,N,false
scaldavivande,SCALDAVIVANDE,,it,bathroom|house,1,13,5,8,4,false,true,3|6|8|10|13,1|2|4|5|7|9|11|12,A|A|I|A|E,S,E,false
scale,SCALE,,it,house,5,5,2,3,1,false,true,3|5,1|2|4,A|E,S,E,false
scaletta,SCALETTA,,it,generic_household|house,1,8,3,5,2,false,true,3|5|8,1|2|4|6|7,A|E|A,S,A,true
scanner,SCANNER,,it,house|office,1,7,2,5,2,false,false,3|6,1|2|4|5|7,A|E,S,R,true
scarpa,SCARPA,,it,bedroom|house,5,6,2,4,1,false,true,3|6,1|2|4|5,A|A,S,A,false
scarpe,SCARPE,,it,bedroom|house,1,6,2,4,1,false,true,3|6,1|2|4|5,A|E,S,E,false
scarpiera,SCARPIERA,,it,bedroom|house,5,9,4,5,3,false,true,3|6|7|9,1|2|4|5|8,A|I|E|A,S,A,false
scarponcino,SCARPONCINO,,it,bedroom|house,1,11,4,7,3,false,true,3|6|9|11,1|2|4|5|7|8|10,A|O|I|O,S,O,false
scatola,SCATOLA,,it,generic_household|house|kitchen,3,7,3,4,2,false,true,3|5|7,1|2|4|6,A|O|A,S,A,false
scendiletto,SCENDILETTO,,it,bedroom|house|living_room,1,11,4,7,3,false,true,3|6|8|11,1|2|4|5|7|9|10,E|I|E|O,S,O,true
schermo,SCHERMO,,it,house|living_room|office,1,7,2,5,1,false,true,4|7,1|2|3|5|6,E|O,S,O,false
schiaccianoci,SCHIACCIANOCI,,it,house|kitchen,1,13,6,7,5,false,true,4|5|8|9|11|13,1|2|3|6|7|10|12,I|A|I|A|O|I,S,I,true
schiacciapatate,SCHIACCIAPATATE,,it,house|kitchen,3,15,7,8,6,false,true,4|5|8|9|11|13|15,1|2|3|6|7|10|12|14,I|A|I|A|A|A|E,S,E,true
schienale,SCHIENALE,,it,generic_household|house,1,9,4,5,3,false,true,4|5|7|9,1|2|3|6|8,I|E|A|E,S,E,false
schiumabarba,SCHIUMABARBA,,it,bathroom|house,1,12,5,7,4,false,true,4|5|7|9|12,1|2|3|6|8|10|11,I|U|A|A|A,S,A,false
schiumarola,SCHIUMAROLA,,it,house|kitchen,1,11,5,6,4,false,true,4|5|7|9|11,1|2|3|6|8|10,I|U|A|O|A,S,A,false
sciacquone,SCIACQUONE,,it,bathroom|house,1,10,5,5,4,false,true,3|4|7|8|10,1|2|5|6|9,I|A|U|O|E,S,E,false
sciarpa,SCIARPA,,it,bedroom|house,5,7,3,4,2,false,true,3|4|7,1|2|5|6,I|A|A,S,A,false
scodella,SCODELLA,,it,house|kitchen,3,8,3,5,2,false,true,3|5|8,1|2|4|6|7,O|E|A,S,A,true
scola,SCOLA,,it,house|kitchen,1,5,2,3,1,false,true,3|5,1|2|4,O|A,S,A,false
scolabicchieri,SCOLABICCHIERI,,it,house|kitchen,1,14,6,8,5,false,true,3|5|7|11|12|14,1|2|4|6|8|9|10|13,O|A|I|I|E|I,S,I,true
scolapiatti,SCOLAPIATTI,,it,house|kitchen,1,11,5,6,4,false,true,3|5|7|8|11,1|2|4|6|9|10,O|A|I|A|I,S,I,true
scolaposate,SCOLAPOSATE,,it,house|kitchen,3,11,5,6,4,false,true,3|5|7|9|11,1|2|4|6|8|10,O|A|O|A|E,S,E,false
scolavivande,SCOLAVIVANDE,,it,house|kitchen,1,12,5,7,4,false,true,3|5|7|9|12,1|2|4|6|8|10|11,O|A|I|A|E,S,E,false
scopa,SCOPA,,it,bathroom|generic_household|house,5,5,2,3,1,false,true,3|5,1|2|4,O|A,S,A,false
scope,SCOPE,,it,bathroom|generic_household|house,1,5,2,3,1,false,true,3|5,1|2|4,O|E,S,E,false
scopelettrica,SCOPELETTRICA,,it,bathroom|generic_household|house,1,13,5,8,4,false,true,3|5|7|11|13,1|2|4|6|8|9|10|12,O|E|E|I|A,S,A,true
scopino,SCOPINO,,it,bathroom|house,3,7,3,4,2,false,true,3|5|7,1|2|4|6,O|I|O,S,O,false
scrittoio,SCRITTOIO,,it,bedroom|house|living_room,3,9,4,5,3,false,true,4|7|8|9,1|2|3|5|6,I|O|I|O,S,O,true
scrivania,SCRIVANIA,,it,bedroom|house|office,5,9,4,5,3,false,true,4|6|8|9,1|2|3|5|7,I|A|I|A,S,A,false
sdraio,SDRAIO,,it,house|living_room|office,1,6,3,3,2,false,true,4|5|6,1|2|3,A|I|O,S,O,false
secchio,SECCHIO,,it,bathroom|house|kitchen,5,7,3,4,2,false,true,2|6|7,1|3|4|5,E|I|O,S,O,true
sedano,SEDANO,,it,house|kitchen,3,6,3,3,2,false,true,2|4|6,1|3|5,E|A|O,S,O,false
sedia,SEDIA,SEGGIOLA,it,bedroom|house|kitchen|living_room|office,5,5,3,2,2,false,true,2|4|5,1|3,E|I|A,S,A,false
sediaufficio,SEDIAUFFICIO,,it,house|office,1,12,7,5,6,false,true,2|4|5|6|9|11|12,1|3|7|8|10,E|I|A|U|I|I|O,S,O,true
sedile,SEDILE,,it,house|living_room|office,1,6,3,3,2,false,true,2|4|6,1|3|5,E|I|E,S,E,false
sega,SEGA,,it,generic_household|house,1,4,2,2,1,false,true,2|4,1|3,E|A,S,A,false
seggiolino,SEGGIOLINO,,it,house,1,10,5,5,4,false,true,2|5|6|8|10,1|3|4|7|9,E|I|O|I|O,S,O,true
seggiolone,SEGGIOLONE,,it,house,3,10,5,5,4,false,true,2|5|6|8|10,1|3|4|7|9,E|I|O|O|E,S,E,true
seghetto,SEGHETTO,,it,generic_household|house,1,8,3,5,2,false,true,2|5|8,1|3|4|6|7,E|E|O,S,O,true
segnalibro,SEGNALIBRO,,it,bedroom|house|office,1,10,4,6,3,false,true,2|5|7|10,1|3|4|6|8|9,E|A|I|O,S,O,false
semidilino,SEMIDILINO,,it,house|kitchen,1,10,5,5,4,false,true,2|4|6|8|10,1|3|5|7|9,E|I|I|I|O,S,O,false
semola,SEMOLA,,it,house|kitchen,1,6,3,3,2,false,true,2|4|6,1|3|5,E|O|A,S,A,false
senape,SENAPE,,it,house|kitchen,1,6,3,3,2,false,true,2|4|6,1|3|5,E|A|E,S,E,false
serra,SERRA,,it,generic_household|house,1,5,2,3,1,false,true,2|5,1|3|4,E|A,S,A,true
serranda,SERRANDA,,it,house|office,3,8,3,5,2,false,true,2|5|8,1|3|4|6|7,E|A|A,S,A,true
serratura,SERRATURA,,it,house|office,5,9,4,5,3,false,true,2|5|7|9,1|3|4|6|8,E|A|U|A,S,A,true
sesamo,SESAMO,,it,house|kitchen,1,6,3,3,2,false,true,2|4|6,1|3|5,E|A|O,S,O,false
setaccio,SETACCIO,,it,house|kitchen,1,8,4,4,3,false,true,2|4|7|8,1|3|5|6,E|A|I|O,S,O,true
setasciugamani,SETASCIUGAMANI,,it,bathroom|house,1,14,7,7,6,false,true,2|4|7|8|10|12|14,1|3|5|6|9|11|13,E|A|I|U|A|A|I,S,I,false
settimanale,SETTIMANALE,,it,bedroom|house,1,11,5,6,4,false,true,2|5|7|9|11,1|3|4|6|8|10,E|I|A|A|E,S,E,true
sgabello,SGABELLO,,it,generic_household|house|living_room|office,5,8,3,5,2,false,true,3|5|8,1|2|4|6|7,A|E|O,S,O,true
sgabuzzino,SGABUZZINO,,it,generic_household|house,1,10,4,6,3,false,true,3|5|8|10,1|2|4|6|7|9,A|U|I|O,S,O,true
sgombro,SGOMBRO,,it,house|kitchen,1,7,2,5,1,false,true,3|7,1|2|4|5|6,O|O,S,O,false
sgrassatore,SGRASSATORE,,it,bathroom|house,3,11,4,7,3,false,true,4|7|9|11,1|2|3|5|6|8|10,A|A|O|E,S,E,true
shampoo,SHAMPOO,,it,bathroom|bedroom|house,5,7,3,4,2,false,true,3|6|7,1|2|4|5,A|O|O,S,O,true
sigillante,SIGILLANTE,,it,generic_household|house,1,10,4,6,3,false,true,2|4|7|10,1|3|5|6|8|9,I|I|A|E,S,E,true
silicone,SILICONE,,it,generic_household|house,1,8,4,4,3,false,true,2|4|6|8,1|3|5|7,I|I|O|E,S,E,false
siringa,SIRINGA,,it,bathroom|house,1,7,3,4,2,false,true,2|4|7,1|3|5|6,I|I|A,S,A,false
smacchiatore,SMACCHIATORE,,it,bathroom|house,3,12,5,7,4,false,true,3|7|8|10|12,1|2|4|5|6|9|11,A|I|A|O|E,S,E,true
smalto,SMALTO,,it,bathroom|bedroom|house,3,6,2,4,1,false,true,3|6,1|2|4|5,A|O,S,O,false
smartphone,SMARTPHONE,CELLULARE|MOBILE|TELEFONINO,it,generic_household|house|office,5,10,3,7,2,false,true,3|8|10,1|2|4|5|6|7|9,A|O|E,S,E,false
soffione,SOFFIONE,,it,bathroom|house,3,8,4,4,3,false,true,2|5|6|8,1|3|4|7,O|I|O|E,S,E,true
soffitta,SOFFITTA,,it,house,1,8,3,5,2,false,true,2|5|8,1|3|4|6|7,O|I|A,S,A,true
soffitto,SOFFITTO,,it,bedroom|house|office,5,8,3,5,2,false,true,2|5|8,1|3|4|6|7,O|I|O,S,O,true
soggiorno,SOGGIORNO,,it,house,5,9,4,5,3,false,true,2|5|6|9,1|3|4|7|8,O|I|O|O,S,O,true
solvente,SOLVENTE,,it,bathroom|bedroom|house,3,8,3,5,2,false,true,2|5|8,1|3|4|6|7,O|E|E,S,E,false
soprammobile,SOPRAMMOBILE,,it,bedroom|house|living_room,3,12,5,7,4,false,true,2|5|8|10|12,1|3|4|6|7|9|11,O|A|O|I|E,S,E,true
sottaceti,SOTTACETI,,it,house|kitchen,1,9,4,5,3,false,true,2|5|7|9,1|3|4|6|8,O|A|E|I,S,I,true
sottobicchiere,SOTTOBICCHIERE,,it,house|kitchen|living_room,3,14,6,8,5,false,true,2|5|7|11|12|14,1|3|4|6|8|9|10|13,O|O|I|I|E|E,S,E,true
sottopentola,SOTTOPENTOLA,,it,house|kitchen,1,12,5,7,4,false,true,2|5|7|10|12,1|3|4|6|8|9|11,O|O|E|O|A,S,A,true
sottopiatti,SOTTOPIATTI,,it,generic_household|house,1,11,5,6,4,false,true,2|5|7|8|11,1|3|4|6|9|10,O|O|I|A|I,S,I,true
sottopiatto,SOTTOPIATTO,,it,house|kitchen,3,11,5,6,4,false,true,2|5|7|8|11,1|3|4|6|9|10,O|O|I|A|O,S,O,true
sottoscala,SOTTOSCALA,,it,house,1,10,4,6,3,false,true,2|5|8|10,1|3|4|6|7|9,O|O|A|A,S,A,true
soundbar,SOUNDBAR,,it,house|living_room|office,3,8,3,5,3,false,false,2|3|7,1|4|5|6|8,O|U|A,S,R,false
spaghetti,SPAGHETTI,,it,house|kitchen,5,9,3,6,2,false,true,3|6|9,1|2|4|5|7|8,A|E|I,S,I,true
spatola,SPATOLA,,it,house|kitchen,3,7,3,4,2,false,true,3|5|7,1|2|4|6,A|O|A,S,A,false
spazzola,SPAZZOLA,,it,bathroom|bedroom|house,5,8,3,5,2,false,true,3|6|8,1|2|4|5|7,A|O|A,S,A,true
spazzolino,SPAZZOLINO,,it,bathroom|house,5,10,4,6,3,false,true,3|6|8|10,1|2|4|5|7|9,A|O|I|O,S,O,true
spazzolone,SPAZZOLONE,,it,bathroom|house,1,10,4,6,3,false,true,3|6|8|10,1|2|4|5|7|9,A|O|O|E,S,E,true
specchiera,SPECCHIERA,,it,bathroom|house,1,10,4,6,3,false,true,3|7|8|10,1|2|4|5|6|9,E|I|E|A,S,A,true
specchio,SPECCHIO,,it,bathroom|bedroom|house|living_room,5,8,3,5,2,false,true,3|7|8,1|2|4|5|6,E|I|O,S,O,true
spezie,SPEZIE,,it,house|kitchen,1,6,3,3,2,false,true,3|5|6,1|2|4,E|I|E,S,E,false
spianatoia,SPIANATOIA,,it,house|kitchen,1,10,6,4,5,false,true,3|4|6|8|9|10,1|2|5|7,I|A|A|O|I|A,S,A,false
spilla,SPILLA,,it,bedroom|house,3,6,2,4,1,false,true,3|6,1|2|4|5,I|A,S,A,true
spillatrice,SPILLATRICE,,it,house|office,1,11,4,7,3,false,true,3|6|9|11,1|2|4|5|7|8|10,I|A|I|E,S,E,true
spillo,SPILLO,,it,house,3,6,2,4,1,false,true,3|6,1|2|4|5,I|O,S,O,true
spinach,SPINACH,,it,house|kitchen,1,7,2,5,2,false,false,3|5,1|2|4|6|7,I|A,S,H,false
spinaci,SPINACI,,it,house|kitchen,1,7,3,4,2,false,true,3|5|7,1|2|4|6,I|A|I,S,I,false
spioncino,SPIONCINO,,it,house|office,3,9,4,5,3,false,true,3|4|7|9,1|2|5|6|8,I|O|I|O,S,O,false
spray,SPRAY,,it,generic_household|house,1,5,1,4,1,false,false,4,1|2|3|5,A,S,Y,false
spremiagrumi,SPREMIAGRUMI,,it,house|kitchen,3,12,5,7,4,false,true,4|6|7|10|12,1|2|3|5|8|9|11,E|I|A|U|I,S,I,false
spruzzino,SPRUZZINO,,it,bathroom|house,3,9,3,6,2,false,true,4|7|9,1|2|3|5|6|8,U|I|O,S,O,true
spugna,SPUGNA,,it,bathroom|house|kitchen,5,6,2,4,1,false,true,3|6,1|2|4|5,U|A,S,A,false
spugnetta,SPUGNETTA,,it,bathroom|house,1,9,3,6,2,false,true,3|6|9,1|2|4|5|7|8,U|E|A,S,A,true
stampante,STAMPANTE,,it,house|office,5,9,3,6,2,false,true,3|6|9,1|2|4|5|7|8,A|A|E,S,E,false
stampella,STAMPELLA,,it,bathroom|bedroom|house,3,9,3,6,2,false,true,3|6|9,1|2|4|5|7|8,A|E|A,S,A,true
stampo,STAMPO,,it,house|kitchen,1,6,2,4,1,false,true,3|6,1|2|4|5,A|O,S,O,false
staples,STAPLES,,it,generic_household|house,1,7,2,5,2,false,false,3|6,1|2|4|5|7,A|E,S,S,false
statuetta,STATUETTA,,it,bedroom|house|living_room,3,9,4,5,3,false,true,3|5|6|9,1|2|4|7|8,A|U|E|A,S,A,true
stendibiancheria,STENDIBIANCHERIA,,it,bathroom|house,3,16,7,9,6,false,true,3|6|8|9|13|15|16,1|2|4|5|7|10|11|12|14,E|I|I|A|E|I|A,S,A,false
stendino,STENDINO,,it,bathroom|house,5,8,3,5,2,false,true,3|6|8,1|2|4|5|7,E|I|O,S,O,false
stendipanni,STENDIPANNI,,it,bathroom|house,1,11,4,7,3,false,true,3|6|8|11,1|2|4|5|7|9|10,E|I|A|I,S,I,true
sterilizzatore,STERILIZZATORE,,it,house,3,14,6,8,5,false,true,3|5|7|10|12|14,1|2|4|6|8|9|11|13,E|I|I|A|O|E,S,E,true
stipo,STIPO,,it,bedroom|house,3,5,2,3,1,false,true,3|5,1|2|4,I|O,S,O,false
stiramaniche,STIRAMANICHE,,it,house,1,12,5,7,4,false,true,3|5|7|9|12,1|2|4|6|8|10|11,I|A|A|I|E,S,E,false
stiratrice,STIRATRICE,,it,house,1,10,4,6,3,false,true,3|5|8|10,1|2|4|6|7|9,I|A|I|E,S,E,false
stiro,STIRO,,it,bedroom|house,1,5,2,3,1,false,true,3|5,1|2|4,I|O,S,O,false
stivale,STIVALE,,it,bedroom|house,3,7,3,4,2,false,true,3|5|7,1|2|4|6,I|A|E,S,E,false
stivaletto,STIVALETTO,,it,bedroom|house,1,10,4,6,3,false,true,3|5|7|10,1|2|4|6|8|9,I|A|E|O,S,O,true
stoffa,STOFFA,,it,house,3,6,2,4,1,false,true,3|6,1|2|4|5,O|A,S,A,true
straccio,STRACCIO,,it,bathroom|generic_household|house,1,8,3,5,2,false,true,4|7|8,1|2|3|5|6,A|I|O,S,O,true
strizzatore,STRIZZATORE,,it,bathroom|house,1,11,4,7,3,false,true,4|7|9|11,1|2|3|5|6|8|10,I|A|O|E,S,E,true
strofinaccio,STROFINACCIO,,it,bedroom|house|kitchen,3,12,5,7,4,false,true,4|6|8|11|12,1|2|3|5|7|9|10,O|I|A|I|O,S,O,true
studio,STUDIO,,it,house,1,6,3,3,2,false,true,3|5|6,1|2|4,U|I|O,S,O,false
stufa,STUFA,,it,house|living_room,1,5,2,3,1,false,true,3|5,1|2|4,U|A,S,A,false
stufalegna,STUFALEGNA,,it,house,1,10,4,6,3,false,true,3|5|7|10,1|2|4|6|8|9,U|A|E|A,S,A,false
stufapellet,STUFAPELLET,,it,house,1,11,4,7,4,false,false,3|5|7|10,1|2|4|6|8|9|11,U|A|E|E,S,T,true
sturalavandini,STURALAVANDINI,,it,bathroom|house,3,14,6,8,5,false,true,3|5|7|9|12|14,1|2|4|6|8|10|11|13,U|A|A|A|I|I,S,I,false
succo,SUCCO,,it,house|kitchen,5,5,2,3,1,false,true,2|5,1|3|4,U|O,S,O,true
sugo,SUGO,,it,house|kitchen,1,4,2,2,1,false,true,2|4,1|3,U|O,S,O,false
susina,SUSINA,,it,house|kitchen,1,6,3,3,2,false,true,2|4|6,1|3|5,U|I|A,S,A,false
sveglia,SVEGLIA,,it,bedroom|house|office,5,7,3,4,2,false,true,3|6|7,1|2|4|5,E|I|A,S,A,false
svuotatasche,SVUOTATASCHE,,it,house,3,12,5,7,4,false,true,3|4|6|8|12,1|2|5|7|9|10|11,U|O|A|A|E,S,E,false
systems,SYSTEMS,,it,house|kitchen,1,7,1,6,1,false,false,5,1|2|3|4|6|7,E,S,S,false
tablet,TABLET,,it,generic_household|house|living_room|office,5,6,2,4,2,false,false,2|5,1|3|4|6,A|E,T,T,false
taccuino,TACCUINO,,it,office,3,8,4,4,3,false,true,2|5|6|8,1|3|4|7,A|U|I|O,T,O,true
tagliacapelli,TAGLIACAPELLI,,it,bathroom|house,1,13,6,7,5,false,true,2|5|6|8|10|13,1|3|4|7|9|11|12,A|I|A|A|E|I,T,I,true
tagliapasta,TAGLIAPASTA,,it,house|kitchen,1,11,5,6,4,false,true,2|5|6|8|11,1|3|4|7|9|10,A|I|A|A|A,T,A,false
tagliatelle,TAGLIATELLE,,it,house|kitchen,1,11,5,6,4,false,true,2|5|6|8|11,1|3|4|7|9|10,A|I|A|E|E,T,E,true
tagliaunghie,TAGLIAUNGHIE,,it,bathroom|house,3,12,6,6,5,false,true,2|5|6|7|11|12,1|3|4|8|9|10,A|I|A|U|I|E,T,E,false
tagliere,TAGLIERE,,it,house|kitchen,3,8,4,4,3,false,true,2|5|6|8,1|3|4|7,A|I|E|E,T,E,false
tampone,TAMPONE,,it,office,1,7,3,4,2,false,true,2|5|7,1|3|4|6,A|O|E,T,E,false
tapparella,TAPPARELLA,,it,generic_household|house|office,5,10,4,6,3,false,true,2|5|7|10,1|3|4|6|8|9,A|A|E|A,T,A,true
tappetino,TAPPETINO,,it,bathroom|house,5,9,4,5,3,false,true,2|5|7|9,1|3|4|6|8,A|E|I|O,T,O,true
tappetinomouse,TAPPETINOMOUSE,,it,house|office,1,14,7,7,6,false,true,2|5|7|9|11|12|14,1|3|4|6|8|10|13,A|E|I|O|O|U|E,T,E,true
tappeto,TAPPETO,,it,bedroom|house|living_room,5,7,3,4,2,false,true,2|5|7,1|3|4|6,A|E|O,T,O,true
tappetobagno,TAPPETOBAGNO,,it,bathroom|house,1,12,5,7,4,false,true,2|5|7|9|12,1|3|4|6|8|10|11,A|E|O|A|O,T,O,true
tappetomouse,TAPPETOMOUSE,,it,house|living_room|office,1,12,6,6,5,false,true,2|5|7|9|10|12,1|3|4|6|8|11,A|E|O|O|U|E,T,E,true
tappetorunner,TAPPETORUNNER,,it,house,1,13,5,8,5,false,false,2|5|7|9|12,1|3|4|6|8|10|11|13,A|E|O|U|E,T,R,true
tappo,TAPPO,,it,house|kitchen,1,5,2,3,1,false,true,2|5,1|3|4,A|O,T,O,true
tapporame,TAPPORAME,,it,generic_household|house,1,9,4,5,3,false,true,2|5|7|9,1|3|4|6|8,A|O|A|E,T,E,true
tassello,TASSELLO,,it,generic_household|house,1,8,3,5,2,false,true,2|5|8,1|3|4|6|7,A|E|O,T,O,true
tastiera,TASTIERA,,it,house|office,5,8,4,4,3,false,true,2|5|6|8,1|3|4|7,A|I|E|A,T,A,false
taverna,TAVERNA,,it,house,1,7,3,4,2,false,true,2|4|7,1|3|5|6,A|E|A,T,A,false
tavolino,TAVOLINO,,it,bedroom|house|living_room,1,8,4,4,3,false,true,2|4|6|8,1|3|5|7,A|O|I|O,T,O,false
tavolo,TAVOLO,,it,bedroom|house|kitchen|living_room|office,5,6,3,3,2,false,true,2|4|6,1|3|5,A|O|O,T,O,false
tazza,TAZZA,,it,house|kitchen,5,5,2,3,1,false,true,2|5,1|3|4,A|A,T,A,true
tazzina,TAZZINA,,it,house|kitchen,3,7,3,4,2,false,true,2|5|7,1|3|4|6,A|I|A,T,A,true
tegame,TEGAME,,it,house|kitchen,3,6,3,3,2,false,true,2|4|6,1|3|5,E|A|E,T,E,false
tegamino,TEGAMINO,,it,house|kitchen,1,8,4,4,3,false,true,2|4|6|8,1|3|5|7,E|A|I|O,T,O,false
teglia,TEGLIA,,it,house|kitchen,3,6,3,3,2,false,true,2|5|6,1|3|4,E|I|A,T,A,false
teiera,TEIERA,,it,house|kitchen,3,6,4,2,3,false,true,2|3|4|6,1|5,E|I|E|A,T,A,false
telecomando,TELECOMANDO,,it,house|living_room|office,5,11,5,6,4,false,true,2|4|6|8|11,1|3|5|7|9|10,E|E|O|A|O,T,O,false
telefono,TELEFONO,,it,generic_household|house|office,5,8,4,4,3,false,true,2|4|6|8,1|3|5|7,E|E|O|O,T,O,false
televisore,TELEVISORE,TELEVISIONE|TV,it,house|living_room|office,5,10,5,5,4,false,true,2|4|6|8|10,1|3|5|7|9,E|E|I|O|E,T,E,false
temperino,TEMPERINO,,it,house|office,3,9,4,5,3,false,true,2|5|7|9,1|3|4|6|8,E|E|I|O,T,O,false
tenda,TENDA,,it,bedroom|house|living_room,5,5,2,3,1,false,true,2|5,1|3|4,E|A,T,A,false
tendaggio,TENDAGGIO,,it,house|living_room,1,9,4,5,3,false,true,2|5|8|9,1|3|4|6|7,E|A|I|O,T,O,true
tergivetri,TERGIVETRI,,it,bathroom|house,3,10,4,6,3,false,true,2|5|7|10,1|3|4|6|8|9,E|I|E|I,T,I,false
termometro,TERMOMETRO,,it,bathroom|house|kitchen,3,10,4,6,3,false,true,2|5|7|10,1|3|4|6|8|9,E|O|E|O,T,O,false
termos,TERMOS,,it,house|kitchen,1,6,2,4,2,false,false,2|5,1|3|4|6,E|O,T,S,false
termosifone,TERMOSIFONE,,it,generic_household|house|office,5,11,5,6,4,false,true,2|5|7|9|11,1|3|4|6|8|10,E|O|I|O|E,T,E,false
terrazzo,TERRAZZO,,it,house,5,8,3,5,2,false,true,2|5|8,1|3|4|6|7,E|A|O,T,O,true
terrina,TERRINA,,it,house|kitchen,1,7,3,4,2,false,true,2|5|7,1|3|4|6,E|I|A,T,A,true
testiera,TESTIERA,,it,bedroom|house,3,8,4,4,3,false,true,2|5|6|8,1|3|4|7,E|I|E|A,T,A,false
tetto,TETTO,,it,house,1,5,2,3,1,false,true,2|5,1|3|4,E|O,T,O,true
textiles,TEXTILES,,it,generic_household|house,1,8,3,5,3,false,false,2|5|7,1|3|4|6|8,E|I|E,T,S,false
thefreddo,THEFREDDO,,it,house|kitchen,1,9,3,6,2,false,true,3|6|9,1|2|4|5|7|8,E|E|O,T,O,true
thermos,THERMOS,,it,house|kitchen,1,7,2,5,2,false,false,3|6,1|2|4|5|7,E|O,T,S,false
timbro,TIMBRO,,it,office,3,6,2,4,1,false,true,2|6,1|3|4|5,I|O,T,O,false
timer,TIMER,,it,house|kitchen|office,3,5,2,3,2,false,false,2|4,1|3|5,I|E,T,R,false
tiragraffi,TIRAGRAFFI,,it,house,3,10,4,6,3,false,true,2|4|7|10,1|3|5|6|8|9,I|A|A|I,T,I,true
tiramisu,TIRAMISU,,it,house|kitchen,1,8,4,4,3,false,true,2|4|6|8,1|3|5|7,I|A|I|U,T,U,false
tisana,TISANA,,it,house|kitchen,1,6,3,3,2,false,true,2|4|6,1|3|5,I|A|A,T,A,false
toeletta,TOELETTA,,it,bedroom|house,3,8,4,4,3,false,true,2|3|5|8,1|4|6|7,O|E|E|A,T,A,true
tonno,TONNO,,it,house|kitchen,5,5,2,3,1,false,true,2|5,1|3|4,O|O,T,O,true
tonnoscalo,TONNOSCALO,,it,house|kitchen,1,10,4,6,3,false,true,2|5|8|10,1|3|4|6|7|9,O|O|A|O,T,O,true
tonnoscatola,TONNOSCATOLA,,it,house|kitchen,1,12,5,7,4,false,true,2|5|8|10|12,1|3|4|6|7|9|11,O|O|A|O|A,T,A,true
tools,TOOLS,,it,generic_household|house,1,5,2,3,2,false,false,2|3,1|4|5,O|O,T,S,true
topper,TOPPER,,it,bedroom|house,1,6,2,4,2,false,false,2|5,1|3|4|6,O|E,T,R,true
torcia,TORCIA,,it,house|office,5,6,3,3,2,false,true,2|5|6,1|3|4,O|I|A,T,A,false
torta,TORTA,,it,house|kitchen,5,5,2,3,1,false,true,2|5,1|3|4,O|A,T,A,false
tortellini,TORTELLINI,,it,house|kitchen,1,10,4,6,3,false,true,2|5|8|10,1|3|4|6|7|9,O|E|I|I,T,I,true
tostapane,TOSTAPANE,,it,house|kitchen,5,9,4,5,3,false,true,2|5|7|9,1|3|4|6|8,O|A|A|E,T,E,false
tostatrice,TOSTATRICE,,it,house|kitchen,1,10,4,6,3,false,true,2|5|8|10,1|3|4|6|7|9,O|A|I|E,T,E,false
tostiera,TOSTIERA,,it,house|kitchen,1,8,4,4,3,false,true,2|5|6|8,1|3|4|7,O|I|E|A,T,A,false
tovaglia,TOVAGLIA,,it,bedroom|house|living_room,5,8,4,4,3,false,true,2|4|7|8,1|3|5|6,O|A|I|A,T,A,false
tovaglietta,TOVAGLIETTA,,it,generic_household|house,1,11,5,6,4,false,true,2|4|7|8|11,1|3|5|6|9|10,O|A|I|E|A,T,A,true
tovagliolo,TOVAGLIOLO,,it,bedroom|house|kitchen,5,10,5,5,4,false,true,2|4|7|8|10,1|3|5|6|9,O|A|I|O|O,T,O,false
trampolino,TRAMPOLINO,,it,generic_household|house,1,10,4,6,3,false,true,3|6|8|10,1|2|4|5|7|9,A|O|I|O,T,O,false
trapano,TRAPANO,,it,generic_household|house,1,7,3,4,2,false,true,3|5|7,1|2|4|6,A|A|O,T,O,false
trapunta,TRAPUNTA,,it,bedroom|house,3,8,3,5,2,false,true,3|5|8,1|2|4|6|7,A|U|A,T,A,false
trasportino,TRASPORTINO,,it,house,3,11,4,7,3,false,true,3|6|9|11,1|2|4|5|7|8|10,A|O|I|O,T,O,false
treppiede,TREPPIEDE,,it,house,1,9,4,5,3,false,true,3|6|7|9,1|2|4|5|8,E|I|E|E,T,E,true
trinciante,TRINCIANTE,,it,house|kitchen,1,10,4,6,3,false,true,3|6|7|10,1|2|4|5|8|9,I|I|A|E,T,E,false
tritacarne,TRITACARNE,,it,house|kitchen,1,10,4,6,3,false,true,3|5|7|10,1|2|4|6|8|9,I|A|A|E,T,E,false
tritatutto,TRITATUTTO,,it,house|kitchen,3,10,4,6,3,false,true,3|5|7|10,1|2|4|6|8|9,I|A|U|O,T,O,true
tronchese,TRONCHESE,,it,generic_household|house,1,9,3,6,2,false,true,3|7|9,1|2|4|5|6|8,O|E|E,T,E,false
tubatura,TUBATURA,,it,generic_household|house,1,8,4,4,3,false,true,2|4|6|8,1|3|5|7,U|A|U|A,T,A,false
tubo,TUBO,,it,generic_household|house,1,4,2,2,1,false,true,2|4,1|3,U|O,T,O,false
tubogomma,TUBOGOMMA,,it,house|office,1,9,4,5,3,false,true,2|4|6|9,1|3|5|7|8,U|O|O|A,T,A,true
tuboirrigazione,TUBOIRRIGAZIONE,,it,generic_household|house,1,15,8,7,7,false,true,2|4|5|8|10|12|13|15,1|3|6|7|9|11|14,U|O|I|I|A|I|O|E,T,E,true
tuta,TUTA,,it,bedroom|house,1,4,2,2,1,false,true,2|4,1|3,U|A,T,A,false
umidificatore,UMIDIFICATORE,,it,house,1,13,7,6,5,true,true,1|3|5|7|9|11|13,2|4|6|8|10|12,U|I|I|I|A|O|E,U,E,false
uncinetto,UNCINETTO,,it,house,3,9,4,5,2,true,true,1|4|6|9,2|3|5|7|8,U|I|E|O,U,O,true
unique,UNIQUE,,it,generic_household|house,1,6,4,2,2,true,true,1|3|5|6,2|4,U|I|U|E,U,E,false
uovo,UOVO,,it,house|kitchen,5,4,3,1,1,true,true,1|2|4,3,U|O|O,U,O,false
uva,UVA,,it,house|kitchen,3,3,2,1,0,true,true,1|3,2,U|A,U,A,false
uvasultanina,UVASULTANINA,,it,house|kitchen,1,12,6,6,4,true,true,1|3|5|8|10|12,2|4|6|7|9|11,U|A|U|A|I|A,U,A,false
uvetta,UVETTA,,it,house|kitchen,1,6,3,3,1,true,true,1|3|6,2|4|5,U|E|A,U,A,true
valigia,VALIGIA,,it,bedroom|generic_household|house,5,7,4,3,3,false,true,2|4|6|7,1|3|5,A|I|I|A,V,A,false
vaniglia,VANIGLIA,,it,house|kitchen,1,8,4,4,3,false,true,2|4|7|8,1|3|5|6,A|I|I|A,V,A,false
vaporiera,VAPORIERA,,it,house|kitchen,3,9,5,4,4,false,true,2|4|6|7|9,1|3|5|8,A|O|I|E|A,V,A,false
vaporizzatore,VAPORIZZATORE,,it,bathroom|house,1,13,6,7,5,false,true,2|4|6|9|11|13,1|3|5|7|8|10|12,A|O|I|A|O|E,V,E,true
vasca,VASCA,,it,bathroom|house,5,5,2,3,1,false,true,2|5,1|3|4,A|A,V,A,false
vasetto,VASETTO,,it,bathroom|house|kitchen,1,7,3,4,2,false,true,2|4|7,1|3|5|6,A|E|O,V,O,true
vaso,VASO,,it,bedroom|house|living_room,5,4,2,2,1,false,true,2|4,1|3,A|O,V,O,false
vassoio,VASSOIO,,it,house|kitchen|living_room,3,7,4,3,3,false,true,2|5|6|7,1|3|4,A|O|I|O,V,O,true
ventaglio,VENTAGLIO,,it,bedroom|house,3,9,4,5,3,false,true,2|5|8|9,1|3|4|6|7,E|A|I|O,V,O,false
ventilatore,VENTILATORE,,it,bedroom|house|office,5,11,5,6,4,false,true,2|5|7|9|11,1|3|4|6|8|10,E|I|A|O|E,V,E,false
veranda,VERANDA,,it,house,1,7,3,4,2,false,true,2|4|7,1|3|5|6,E|A|A,V,A,false
verdura,VERDURA,,it,house|kitchen,5,7,3,4,2,false,true,2|5|7,1|3|4|6,E|U|A,V,A,false
vestaglia,VESTAGLIA,,it,bedroom|house,3,9,4,5,3,false,true,2|5|8|9,1|3|4|6|7,E|A|I|A,V,A,false
vestito,VESTITO,,it,bedroom|house,1,7,3,4,2,false,true,2|5|7,1|3|4|6,E|I|O,V,O,false
vetrina,VETRINA,,it,bedroom|house|living_room,1,7,3,4,2,false,true,2|5|7,1|3|4|6,E|I|A,V,A,false
vetrinetta,VETRINETTA,,it,bedroom|house|living_room,1,10,4,6,3,false,true,2|5|7|10,1|3|4|6|8|9,E|I|E|A,V,A,true
videocitofono,VIDEOCITOFONO,,it,generic_household|house|office,1,13,7,6,6,false,true,2|4|5|7|9|11|13,1|3|6|8|10|12,I|E|O|I|O|O|O,V,O,false
vino,VINO,,it,house|kitchen|living_room,5,4,2,2,1,false,true,2|4,1|3,I|O,V,O,false
vite,VITE,,it,generic_household|house,5,4,2,2,1,false,true,2|4,1|3,I|E,V,E,false
vongole,VONGOLE,,it,house|kitchen,1,7,3,4,2,false,true,2|5|7,1|3|4|6,O|O|E,V,E,false
waffle,WAFFLE,,it,house|kitchen,1,6,2,4,1,false,true,2|6,1|3|4|5,A|E,W,E,true
wc,WC,GABINETTO|WATER,it,bathroom|house,5,2,0,2,0,false,false,,1|2,,W,C,false
wcbidet,WCBIDET,,it,bathroom|house,1,7,2,5,2,false,false,4|6,1|2|3|5|7,I|E,W,T,false
webcam,WEBCAM,,it,house|office,3,6,2,4,2,false,false,2|5,1|3|4|6,E|A,W,M,false
windows,WINDOWS,,it,generic_household|house,1,7,2,5,2,false,false,2|5,1|3|4|6|7,I|O,W,S,false
wok,WOK,,it,house|kitchen,3,3,1,2,1,false,false,2,1|3,O,W,K,false
wurstel,WURSTEL,,it,house|kitchen,1,7,2,5,2,false,false,2|6,1|3|4|5|7,U|E,W,L,false
yogurt,YOGURT,,it,house|kitchen,5,6,2,4,2,false,false,2|4,1|3|5|6,O|U,Y,T,false
yogurtiera,YOGURTIERA,,it,house|kitchen,1,10,5,5,4,false,true,2|4|7|8|10,1|3|5|6|9,O|U|I|E|A,Y,A,false
zafferano,ZAFFERANO,,it,house|kitchen,1,9,4,5,3,false,true,2|5|7|9,1|3|4|6|8,A|E|A|O,Z,O,true
zaino,ZAINO,,it,bedroom|generic_household|house|office,5,5,3,2,2,false,true,2|3|5,1|4,A|I|O,Z,O,false
zanzariera,ZANZARIERA,,it,house|office,5,10,5,5,4,false,true,2|5|7|8|10,1|3|4|6|9,A|A|I|E|A,Z,A,false
zappa,ZAPPA,,it,generic_household|house,1,5,2,3,1,false,true,2|5,1|3|4,A|A,Z,A,true
zenzero,ZENZERO,,it,house|kitchen,1,7,3,4,2,false,true,2|5|7,1|3|4|6,E|E|O,Z,O,false
zerbino,ZERBINO,,it,bedroom|generic_household|house,5,7,3,4,2,false,true,2|5|7,1|3|4|6,E|I|O,Z,O,false
zoccolo,ZOCCOLO,,it,bedroom|house,1,7,3,4,2,false,true,2|5|7,1|3|4|6,O|O|O,Z,O,true
zona,ZONA,,it,house,1,4,2,2,1,false,true,2|4,1|3,O|A,Z,A,false
zucca,ZUCCA,,it,house|kitchen,1,5,2,3,1,false,true,2|5,1|3|4,U|A,Z,A,true
zuccheriera,ZUCCHERIERA,,it,house|kitchen,3,11,5,6,4,false,true,2|6|8|9|11,1|3|4|5|7|10,U|E|I|E|A,Z,A,true
zucchero,ZUCCHERO,,it,house|kitchen,5,8,3,5,2,false,true,2|6|8,1|3|4|5|7,U|E|O,Z,O,true
zuccheroavelo,ZUCCHEROAVELO,,it,house|kitchen,1,13,6,7,5,false,true,2|6|8|9|11|13,1|3|4|5|7|10|12,U|E|O|A|E|O,Z,O,true
zucchina,ZUCCHINA,,it,house|kitchen,5,8,3,5,2,false,true,2|6|8,1|3|4|5|7,U|I|A,Z,A,true
zuppa,ZUPPA,,it,house|kitchen,1,5,2,3,1,false,true,2|5,1|3|4,U|A,Z,A,true
zuppiera,ZUPPIERA,,it,house|kitchen,3,8,4,4,3,false,true,2|5|6|8,1|3|4|7,U|I|E|A,Z,A,true
